trial	input_sha256	planned_arena_bytes	full_command_s	publication_s	ingress_s	proof_decode_s	trace_generation_s	trace_commit_s	constraint_s	oods_s	quotient_s	gpu_peak_gib	rss_peak_gib	proof_sha256	verified	executable_sha256
early-coefficients	9d503fa0c6c818d8de84d3d71208df641bb62ec93e480687252128f698294bc3	103366794272	55.609128	51.969962	4.551841	47.093233	8.378048	29.112127	4.361965	2.191401	1.464744	56.487305	85.354130	23ef11f1f7bbf0b31d6ede197bd67d2548975b951283c4cedc0fb6148e443af9	true	9956a4a72de3398638c2a99669d7b6426645fa78be7f9990b7667b6f43f001e8
early-coefficients-second	319b538ff50ad8e04735886a7844de300198194a4cc2128dcb57bc625ec4e4cb	88627473376	45.991522	42.851202	4.046351	38.517676	7.404566	23.899883	3.570810	1.794769	1.307188	48.362305	72.618065	fcc457fee3bcaca85efd97d308daa1a16e849c633b4571144417543158eb1eeb	true	9956a4a72de3398638c2a99669d7b6426645fa78be7f9990b7667b6f43f001e8
early-evaluations	9d503fa0c6c818d8de84d3d71208df641bb62ec93e480687252128f698294bc3	103366794272	36.777711	34.309555	4.310271	29.562958	8.295671	14.821682	3.390849	0.170042	1.139298	56.487305	3.763775	23ef11f1f7bbf0b31d6ede197bd67d2548975b951283c4cedc0fb6148e443af9	true	7986a9a054c3698ed68e8ef8bc7bc93df3a55e298b6060cf2077c764fef3166b
early-evaluations-second	319b538ff50ad8e04735886a7844de300198194a4cc2128dcb57bc625ec4e4cb	88627473376	31.889903	29.651221	4.363382	23.774823	6.814741	12.502447	2.743754	0.176400	1.031706	48.362305	3.693981	fcc457fee3bcaca85efd97d308daa1a16e849c633b4571144417543158eb1eeb	true	7986a9a054c3698ed68e8ef8bc7bc93df3a55e298b6060cf2077c764fef3166b
final-baseline	9d503fa0c6c818d8de84d3d71208df641bb62ec93e480687252128f698294bc3	103366794272	38.204335	35.725245	4.473290	30.143812	4.043988	8.815923	5.916459	3.755508	3.394872	79.176758	3.762737	23ef11f1f7bbf0b31d6ede197bd67d2548975b951283c4cedc0fb6148e443af9	true	77ee08aa3d8f713742aaeb72a1c631bf9256e5766f8acc694eb47a394c5428d9
final-capacity	9d503fa0c6c818d8de84d3d71208df641bb62ec93e480687252128f698294bc3	103366794272	36.764889	34.618479	4.290374	23.657843	8.111099	10.793559	2.036023	0.164033	0.866592	69.614258	3.763699	23ef11f1f7bbf0b31d6ede197bd67d2548975b951283c4cedc0fb6148e443af9	true	77ee08aa3d8f713742aaeb72a1c631bf9256e5766f8acc694eb47a394c5428d9
final-capacity-second	319b538ff50ad8e04735886a7844de300198194a4cc2128dcb57bc625ec4e4cb	88627473376	26.472506	24.407619	4.364684	18.943546	6.740306	8.834619	1.890321	0.184828	0.791731	59.614258	3.693287	fcc457fee3bcaca85efd97d308daa1a16e849c633b4571144417543158eb1eeb	true	77ee08aa3d8f713742aaeb72a1c631bf9256e5766f8acc694eb47a394c5428d9
host-both-evaluations	9d503fa0c6c818d8de84d3d71208df641bb62ec93e480687252128f698294bc3	103366794272	31.114684	28.869272	4.234661	23.943336	8.201768	10.884440	2.052545	0.177201	0.869621	69.614258	3.766045	23ef11f1f7bbf0b31d6ede197bd67d2548975b951283c4cedc0fb6148e443af9	true	fa0b54768a472ae304546c5d3431a2a2b151ddcb4f33b4ed35bb88c11f224043
host-both-evaluations-second	319b538ff50ad8e04735886a7844de300198194a4cc2128dcb57bc625ec4e4cb	88627473376	25.495727	23.637284	4.134273	19.300697	7.020561	8.879703	1.913394	0.163620	0.797388	59.612305	3.667187	fcc457fee3bcaca85efd97d308daa1a16e849c633b4571144417543158eb1eeb	true	a851b226de5d6a2a23b14afff16e2c8a1ebd89003b784e2c6d8a63900bbdcd69
host-early-lookup	9d503fa0c6c818d8de84d3d71208df641bb62ec93e480687252128f698294bc3	103366794272	39.071511	36.089748	4.247646	31.649131	8.539572	16.030019	2.290930	2.174101	0.934996	69.614258	57.345787	23ef11f1f7bbf0b31d6ede197bd67d2548975b951283c4cedc0fb6148e443af9	true	b5506bed3202f8a541f8cd79368fd7e9de259ddb2cb4224bcbf761de7b275220
host-evaluations	9d503fa0c6c818d8de84d3d71208df641bb62ec93e480687252128f698294bc3	103366794272	24.843585	22.834627	4.022038	18.056653	3.785333	10.622090	2.086754	0.345948	0.812477	79.176758	3.770351	23ef11f1f7bbf0b31d6ede197bd67d2548975b951283c4cedc0fb6148e443af9	true	17ede291419fced2c81a1e93a3ee113608fb11285b03c0bc685ef6040aeea339
host-incremental	9d503fa0c6c818d8de84d3d71208df641bb62ec93e480687252128f698294bc3	103366794272	24.060281	21.694939	4.012382	17.495185	6.265139	8.346611	1.666343	0.382379	0.608470	79.176758	9.720181	23ef11f1f7bbf0b31d6ede197bd67d2548975b951283c4cedc0fb6148e443af9	true	38563f9f318abe38d101616f8a14e9ebe7c3d05e3c21d9a8b65deb64bbd6c680
host-large-early	9d503fa0c6c818d8de84d3d71208df641bb62ec93e480687252128f698294bc3	103366794272	49.199162	45.694867	3.947976	41.507244	9.505046	21.915844	4.695259	2.196933	1.443650	79.176758	82.753643	23ef11f1f7bbf0b31d6ede197bd67d2548975b951283c4cedc0fb6148e443af9	true	a851b226de5d6a2a23b14afff16e2c8a1ebd89003b784e2c6d8a63900bbdcd69
host-preferred	9d503fa0c6c818d8de84d3d71208df641bb62ec93e480687252128f698294bc3	103366794272	42.172760	39.268199	4.122381	34.948862	4.226721	23.260160	2.736393	2.183175	0.969081	79.176758	57.333546	23ef11f1f7bbf0b31d6ede197bd67d2548975b951283c4cedc0fb6148e443af9	true	5b699c12cf58537d56862c2273fc714913308ea34da2127ab95f4438b5c6dab0
