record	key	value
meta	projection_format	stwo.typed-air.poseidon-layout-vector-index-v1
meta	vector_format	STWAIRB-v1
meta	generator_id	stwo.typed-air.benchmark.sha256-counter-v1
meta	semantic_digest	9e8c3b5accdc2be31cf8ca128b5b27c87613f691ee8fd25e031f4286ceac81ed
vector	log_size	rows	artifact_bytes	artifact_sha256	vector_seal
vector	10	1024	143490	2d90fa647d55758f1fdf7be46de5232ee006ac3682ab0371ec1108c95c8f14ee	27be0de8a88a36ac9cb686c40da6442abdd18950bc4cb45a93773f45de4fb113
vector	14	16384	2293890	b2f84aa4ecc9f017932a2ca81fd89060d1fccb8bfaf90c9843ac9013cb6f83d8	b9ce7ca07edee474d0ca9da8e2a4dcdd24d300b6a99c1a1c5305a90da9a3c11d
boundary	log_size	row	enabler	wide	io	input_00	input_01	input_02	input_03	input_04	input_05	input_06	input_07	input_08	input_09	input_10	input_11	input_12	input_13	input_14	input_15	expected_00	expected_01	expected_02	expected_03	expected_04	expected_05	expected_06	expected_07	expected_08	expected_09	expected_10	expected_11	expected_12	expected_13	expected_14	expected_15
boundary	10	0	1	0	1	508195165	1101386853	413699156	54367698	1514194257	194910340	1192313066	1206629880	415431290	1348149325	1299119456	1448933960	947809988	322760693	31678584	110592030	993881087	1174794035	1230391994	1553329050	1017910571	1204899169	32123329	2122473261	629014160	885417193	426128852	515592887	939477636	1217618474	1473562458	992930693
boundary	10	1	1	1	0	1220612302	1323388228	2063532084	1448395934	104435278	1918719085	1566307722	394300031	1312618615	1574305763	110233658	1643634739	1471608902	1537301182	1215942763	2018345727	717335136	145142613	719251000	1173576188	1433423587	889588497	83930126	1432565082	443486100	1595199460	1496442613	1138485946	1215958959	102944320	1954057036	1250181688
boundary	10	1023	1	1	0	1357450629	383543148	1211533297	939973155	206035400	738796184	190887494	1225092607	920679070	1032923194	1655219476	334465258	732837422	652939413	1375437783	1338961342	322189863	1131479490	820680093	1931148326	225071592	2134705837	1879926313	269075748	452806710	862357392	1147734359	948728931	639576634	839780789	1599207589	1744575935
boundary	14	0	1	0	1	1493214828	217614329	881283158	1878596977	1785654338	1621048976	1928827649	1428084759	889319070	1947938989	521715330	1570557678	929438438	407496779	1125107565	1036186476	745926353	2074181422	1314329414	1459798309	495069035	1075868076	598324930	493952302	136947938	1085434752	2076241546	2031658605	783640337	162935974	1669258282	894139117
boundary	14	1	1	1	0	307697649	2029752455	413066883	1961956883	1400041115	67804736	150564719	1938960758	1851605758	1502226427	369098866	1808595094	812336758	615520662	1070473332	1753429497	1894840583	1926465960	2025482391	125161468	1221818407	1595726425	1174205667	817536504	1163321941	1924889292	565983857	1716640344	375327491	1759806749	762834601	1352613174
boundary	14	16383	1	1	0	1757296760	1605627127	771013406	528504581	2070943504	824106836	100435210	1312501168	789738103	931214323	1290179625	297906267	854653652	633797483	1282592742	1818332689	946449670	1898153890	922417814	690013432	370025663	745559142	1304225808	2095553377	1619303606	255421000	1944073911	1523566606	1942415264	1153858344	1762699517	375350171
