elapsed_ns,gpu_used_bytes,process_rss_bytes
25072288,2097152,7405568
296054178,41943040,544370688
566464381,532676608,1340239872
837111963,532676608,1920102400
1107536636,666894336,2650939392
1377973209,666894336,2891063296
1647962055,666894336,2891063296
1917846101,666894336,2891063296
2187941286,666894336,2891063296
2458369259,666894336,2891063296
2729129960,801112064,2891063296
2999811542,2009071616,2924617728
3269914767,3082813440,3011649536
3541586123,5230297088,3030523904
3811763338,5823791104,3107069952
4082007852,7434403840,3271696384
4351550330,9181331456,3273805824
4621800414,11335106560,3290583040
4893257931,13082034176,3298971648
5164355151,15099494400,3306311680
5455536935,17114857472,3308408832
5725444051,18457034752,3309457408
5995942273,20201865216,3309457408
6267524990,20738736128,3392294912
6536555791,20738736128,5631004672
6807809529,20872953856,7606525952
7102802343,22617784320,7606525952
7374574109,23423090688,7608623104
7646035697,23423090688,7608623104
7917576874,23423090688,7608623104
8188365815,23423090688,7608623104
8458559290,23423090688,7714529280
8736093545,23423090688,8683413504
9012008870,23423090688,8683413504
9288035183,23423090688,8683413504
9564466695,23423090688,8683413504
9840397819,23423090688,8683413504
10113650947,23423090688,8683413504
10384289949,24765267968,8683413504
10655410318,26778533888,8683413504
10925227235,26912751616,8683413504
11196430004,28389146624,8684462080
11466473289,29462888448,8684462080
11738705372,29462888448,9758203904
12008208991,29471277056,9785475072
12279576559,30991712256,9800155136
12551881782,32470204416,9802252288
12822134046,33546043392,9830936576
13090831548,33546043392,8371982336
13361335341,23941087232,2399162368
13632179822,1348468736,2120609792
13903522869,2097152,
