pie,os_steps,archive_bytes,archive_sha256,status,adapt_wall_s,adapt_peak_rss_bytes,cpi_bytes,cpi_sha256,error
15594458_15594458,23544403,126967942,43106009733f3db7d28ac60ed1707863bb26d72987bbaa11932afa3cf143e37a,adapted,8.205,7573291008,457909412,60e0aa034039601168671e71a87dfcd8db5b28eca1f8da920414436bc03bc7a2,
15606001_15606001,24371322,127795372,4e42c689bac8fe41d99d6edf108e2e1cc75d26c18a1b4e7598a2982f62e3e059,adapted,8.079,7768162304,470576892,d25fc868c651f6a05110a77b21ac27ec4478051273ce42f136600abb96b65bc1,
15560770_15560779,4347399,25298952,2524fe5ba5648cd94f3280761bd10dad013e737116375f8c2b4d277309239727,adapted,1.374,1696284672,96745816,7f2eac2436aaefeaa58a344ed48e26aea871143b117cc119d220dc6db904c984,
15577130_15577139,10949174,60144043,ce0fbdc378c8ffd7dab576f9b28dd471e2e1ba0876230573ab442d941ebb970e,adapted,3.309,3888414720,229853072,6e5dacb61e7eba4bed93b40e8ed57ca24a9b26039192ee7877bdd4af8fd10197,
15578610_15578619,25003420,139451435,caf609d657841bf11c6d888f0538f8b3cb3adbca63d16fe6287dcbf3fbf02fdc,adapted,8.73,8130002944,489632304,16779e3879823ad0f201978b4694a03ae1c1d7c502afcde9cdee8e89802b0ce3,
15610104_15610110,11831077,61141428,f211eb9bfa82e4b4bf365c00fdcf74fc93dd5f1f3a5b054086c3a2420a25282e,adapted,3.408,4061954048,241724812,47a75a9f963c97d3dd848d175fc44f6a711751fb60965cd9ec78a0fa416664d9,
15613649_15613660,10020639,55745249,6f0432d693f0b3944c4ea19c952f76f9fb8663b0ecab6d739c79a3ceb9c84b7d,adapted,3.033,3608100864,211376804,e53fb7df223879bb104e0e301b50a980d6f05e17c15b8848c5ea84ae614cf80f,
15581510_15581534,19079263,103451135,01f04d8b72b2585ac3c3548196ab777d645bc61fe7c289f41d62d667df396f05,adapted,6.093,6554697728,376354852,06e0355fabaab83b604ece62f0d2ca48877dffd08a4d5ad1a3393d667f4781df,
15596743_15596743,21170181,115696026,17d76750c75d55c05e0c3f5ba7938b4f2cfd092695a5111c9833f19a2ed5e6b1,adapted,7.331,7012450304,417263216,5ed3e53627aaf7dccc9e3d1ca8c45e6f754365204e7cb8be2978b6a55366fc59,
15609592_15609592,24305971,126829684,448dc565f0a74abd143ba34b7f1c00a7fc017c401cec701d585f92ac762ed5b4,adapted,8.381,7652753408,468552356,0f3f6c94f93a479a4620f5d6da6d9042b6fd7848f8b63195fad930afa6d7506d,
15576670_15576679,5667065,32866686,4524215aefa18c8dad62959192effb06d6ee1c1c3e1b4e70b596b5ad8ff3e8a9,adapted,1.752,2114977792,123674876,7bd8343edc1db2283cd844bb4044e632d80e74426b2150ea3e7e9418a45e8ae5,
15578710_15578719,10181536,57992090,d5dac59f97757e577ff52cae6514955abb7cf81b5ce5aa6867aadc243e066d41,adapted,3.22,3701669888,216174028,ad8953a8404e40fa82f1ceda035abe6a94893523752b694c597bf06aa56fd8f8,
15576760_15576769,21825986,120669710,672f136e90062d4e8df7e41102a3b2c26db81ff31026eeafbadbe28d7eee8c29,adapted,7.397,7242498048,435202936,ddc54e9ae8d9c1d708856d93a18fba6f25fd6373340012314616b4a6d3329b2c,
15602838_15602846,3273817,19385204,b7500ac8fb07b24178bbdec1ae042626d8c722cbb4705a5f728ac733ddbbc8a1,adapted,1.153,1292517376,74580928,cee1e94df52d9fde6a659fc2c4022c6766ebc69ac1bffd05307e52f453517140,
15593195_15593207,19200888,105594457,74ff96ef31a4145c777e44e90af50d8a5c3d86fe9864f3f253cbc045db8baab8,adapted,6.809,6682509312,378990360,4511911d81e37db3c146bc65e222ba24483d7b981428129dfa2decba665df829,
15609669_15609693,22323009,124568626,1a9ca4e24a84ba4ad056fd2f9616efbe2a12dfd8ba0965836a11ccf0f26a3507,adapted,7.541,7444365312,447587588,16cfdf78326204826e81540b71a78c489331554610c81249873ee6ab47f8fe84,
15604308_15604308,21822957,118452046,c687e81f641d2da90a6c1652fe46e849b98f34fb9b3bada56e4cbf8ada410a43,adapted,7.593,7153287168,429941352,d144c307e8fe11ad5dfaa4c07ea418d6245f2f8e7a080f716d17f4e0ebda846e,
15601501_15601501,24339102,122586500,3ea3cd018432d4dcf784f036f5e97c706a60e819dc7d3f343706494fc2f717eb,adapted,7.921,7637106688,464876596,a06796a43a7180224eccbc041206af189225ca29ad9dc0234d5f31fb800ec935,
15574240_15574249,4585356,25786398,4c95f3a423d485278118598625efe3067b8b2ef5132dc54c37a9d81954b9b7cd,adapted,1.442,1750581248,102950084,7352f8eb33f8bb8061dd761448b444c89a68521ea3838ad571b4e8a1474da4cd,
15552010_15552019,10619915,57577599,b957b5678507ce0c97a9fa86a18cca0ae135d422592861e09e3668fd2fd50665,adapted,3.155,3766190080,222694628,716a41912f6a0f4dc05699f509dd3ea32cd050e500a800831f603627e0ff288e,
15558930_15558939,24210519,130918106,1f8807301be702d174ec96c9ed6165cfb7acdbc70925797d7a35a3ba7bf25e6d,adapted,8.338,7897677824,475293636,8e89e120a56d39ba7ed2cd49063546f40ac4d3773635856f1f8b0f98729151cc,
15608228_15608231,25756741,133443372,92a09001cdf19c7401a941d98b447dad8ac0d4fcd92c9559a52b1af3c7922262,adapted,8.794,8253014016,502082012,7677dd87452275c2c6cd27ffd54cdb1fa5084b10d4df5db079107721d60370d7,
15594494_15594505,23460016,128484773,b89314f058c64c078702fa84a75fc6ef2a773429dbdd9ea16c9afbaa212d885e,adapted,8.542,7818788864,468449572,1d8c7d36216996cd38cde891261ed20d22d98083abbb56711c855b3b8a995bc6,
15589112_15589134,24912797,134653837,e0ed1e9b4ee94966d5794c28cdcdcc9485248f77de45ca5434f888880d30bdda,adapted,8.847,8070365184,496281140,62a9fe903d05a9596b33ec3ec144c1307ec1084d119995f56376edaa01a422bc,
15583525_15583525,20508591,112353720,968e63b4ac4aee61d525626ba9576ce5e3c8fa626c5b20b29e5008bbcc26cc0b,adapted,7.34,6813122560,399592416,8920bcb6a34d9b692d05f252052b3351b52d1b3731e49c6866cb0bc7c6cf75da,
15588708_15588708,24326728,131260199,c279640ed020614d1aa41c7480158dc4040d5d16537479aab6f5ac7a14f7d903,adapted,8.624,7796391936,471782356,b35c0cf0124e32492f85798548e2a92cad0413a639bfc9ba5def80a21e381583,
15567470_15567479,7777658,44810437,a5769cac1a892b970d1257b071b440c2062acda00fd22f0fb95ac82ab661bbc8,adapted,2.427,2750136320,167426160,6f7374a95face992e6799b8b9d853ff0571dd90395bd4180b9ac687447c1095f,
15561760_15561769,11273532,61764020,aba78a4a6c708c141da87216fb0d101edc07acbc62a25056b367463e76da72f7,adapted,3.563,3967107072,235249640,cd9da247de8aaac817cbb96bbae4639a58d27f6e93ee917ce2da4736ce540edf,
15572330_15572339,24481064,131002628,b60ff7bf8ac5d4bb20e95a61a187feaedf5d1099ea6f43d08a87cc3326ef8761,adapted,8.407,7571046400,482707624,44abc0e9eba9720de79045f2078f43e487e50a6db856107d362d1e95790c05be,
15604080_15604088,24233781,136435533,201cafb00f78ef997c5d8def620805e0b2f648a8951074ba8683118f73fc9eee,adapted,8.824,7916945408,482329184,2ec3d8b75454033ec2a9d457ca39816ff7344b3de1a00c551fcb88f5485b52be,
15594668_15594684,22031037,123574930,e7efc7638dc054a30a19928b8da3aed4063614c42b1662454a9608fbdfe2358b,adapted,7.747,7376863232,441345168,36771a811e0c203b6fdd8b12219151afc526b697be5cf5ed9179e4dfea0afac2,
15603205_15603235,20353231,118551481,e7a645f15a68fa5bf0851ea13aa7299de121e0045b38764c46a700bf5f01e13f,adapted,7.339,6598656000,432796940,34276fa457aac1941bd3a1292907c7db9ec94468f0b024e00560434663117779,
15581308_15581308,19783518,109480643,846ac5ae492e10ea35aade7bc8fc178d09c7673b0418f4334fe7081d246e2671,adapted,7.248,6757531648,390078404,11f350341aab09af7c811d3ff9251df3200492be4cbadd94333c17227be83011,
15607732_15607732,24059639,122206007,6dda0ececc1aaabdc191781673e59fa3b64e9c212996f9ab40637afb87789a5f,adapted,7.804,7564001280,462157236,c46e87b7ab5b4f45ca11c1278fa23472c750d5aec0828a63bbbefcafd6acb686,
15570160_15570169,3062301,19103125,88949d42bb6f261445d03ce425aa4d68a750ba6e1b0b8c0e3653b37a1679c429,adapted,1.083,1199882240,70873312,40729f2fff8305014facac2a9328401313dd4f51b542c9b102687c0ab4c0dd14,
15556270_15556279,9271636,51836977,4c550a57a7e3f1f8ed02507abd36c9a3d766eaf2539b38fad8830608a83877a6,adapted,2.883,3436445696,195211188,7b12e60cd51ec0e0a6371421d3e85e3e9863932d298b71d5d7ec9766f61c38c0,
15580060_15580069,22406480,128768360,e8157bbce557d467f205f1a42fed1de2c0a2f38925badf4d078536239c705c3f,adapted,7.838,7697891328,460544412,904a9813328f5d4c773ed5f036e6fc5ac856d45ff026654685cc6c6965a55bdf,
15591122_15591123,26182786,146886708,9f7137a2d8574d405cc724a5b871debc48c026192e6c1dbcb9357526cb50c619,adapted,9.231,8335966208,509244064,d564967ce5b2e275c322eb032258dc2b2eff1fb6e367edc5e8ccd0992407b97a,
15612621_15612633,16094445,89028769,3f31ba32f36542d072cd3533d6cc30e6956a53adc48229f84e87b20d4235c557,adapted,5.409,5601689600,321096304,3ee18af3f45636ad9b3845e57470ac503b16ce6dc8ceb81c2bac22374fc62aca,
15612936_15612975,16335471,91136263,c592ee20620421661d1927b4d5ac6618e8c5fd07a2b61e7120d6f8bfab29d438,adapted,4.996,5583831040,331420164,cd507bf5e3950d08aef01628b8073b910e08bb0ce5768867476254ec6d8459e6,
