pie,os_steps,n_blocks,txs,prior_proof_status,pedersen_calls,pedersen_distinct_keys,pedersen_aggregator_padded_rows,partial_ec_mul_padded_rows,peak_stage,planned_peak_bytes,h200_total_bytes,gpu_peak_used_bytes,writer_lookup_bytes,partial_ec_lookup_bytes,trace_evaluation_bytes,trace_coefficient_bytes,merkle_hash_bytes,counterfactual_peak_without_gpu_lookup_bytes,counterfactual_h200_headroom_bytes,optimized_plan_bytes,optimized_gpu_peak_used_bytes,optimized_publication_s,optimized_proof_execute_finish_s,optimized_status,planned_saving_bytes,optimized_h200_headroom_bytes
15591030_15591030,24046442,1,6,verified,179844,131623,262144,8388608,trace_commit,145731619080,150754820096,147593297920,33755888000,16743661568,69032369664,34247749376,7516192640,115981037568,34773782528,,,,,,,
15566020_15566029,24071359,10,16,verified,171252,131112,262144,8388608,trace_commit,145831687848,150754820096,147693961216,34888605952,16743661568,68343660416,33903394752,7516192640,114948564072,35806256024,,,,,,,
15604080_15604088,24233781,9,32,verified,191160,147754,262144,8388608,trace_commit,145838596168,150754820096,147693961216,34891209984,16743661568,68346529664,33904829376,7516192640,114952867944,35801952152,,,,,,,
15588708_15588708,24326728,1,5,verified,190731,142168,262144,8388608,trace_commit,145618066628,150754820096,147459080192,33711946112,16743661568,68985970176,34224549632,7516192640,115910847980,34843972116,,,,,,,
15591784_15591787,24367086,4,9,verified,182542,140554,262144,8388608,trace_commit,145397635240,150754820096,147257753600,34720211200,16743661568,68166582144,33814855616,7516192640,114682946664,36071873432,,,,,,,
15582710_15582710,24578226,1,5,verified,191475,140966,262144,8388608,trace_commit,145618009696,150754820096,147459080192,33711920640,16743661568,68985949184,34224539136,7516192640,115910816512,34844003584,,,,,,,
15590867_15590874,25268748,8,27,verified,183236,137278,262144,8388608,trace_commit,145836732772,150754820096,147693961216,34890489856,16743661568,68345767296,33904448192,7516192640,114951724412,35803095684,,,,,,,
15613730_15613744,26726401,15,83,failed,182551,132134,262144,8388608,trace_commit,162713607564,150754820096,,40579796224,16743661568,75702171520,37582650304,7516192640,125985740332,24769079764,131781994416,133634654208,10.961,1.836,verified,30931613148,17120165888
15613811_15613820,28781719,10,64,failed,190221,144739,262144,8388608,trace_commit,168879290384,150754820096,,41904348416,16743661568,78929479552,39196304320,7516192640,130827292736,19927527360,136267676696,138130948096,12.067,1.932,verified,32611613688,12623872000
15571670_15571679,29215987,10,14,verified,192226,132071,262144,8388608,trace_commit,147101342856,150754820096,148935475200,35097938176,16743661568,69050521472,34256825280,7516192640,116008855656,34745964440,,,,,,,
15593020_15593029,29844688,10,18,failed,268322,194714,262144,8388608,trace_commit,151810369292,150754820096,,37218161920,16743661568,70775859072,35119494080,7516192640,118597452412,32157367684,123056137008,124910501888,11.694,1.782,verified,28754232284,25844318208
15580230_15580239,30563648,10,24,failed,222421,136617,262144,8388608,trace_commit,168747839084,150754820096,,41545715456,16743661568,78901772032,39182450560,7516192640,130786912228,19967907868,136055664120,137896067072,11.357,1.906,verified,32692174964,12858753024
15563910_15563919,33987856,10,15,failed,265023,142701,262144,8388608,trace_commit,171739782984,150754820096,,41219306752,16743661568,79491230592,39208744384,10737418112,139530330696,11224489400,139809329088,141654163456,12.067,2.048,verified,31930453896,9100656640
15578950_15578959,35890356,10,34,failed,258965,144860,262144,8388608,trace_commit,177360902304,150754820096,,42500668160,16743661568,82384365568,40655311872,10737418112,143870033200,6884786896,144095484880,145949130752,12.367,2.135,verified,33265417424,4805689344
15578550_15578559,39941355,10,51,failed,269903,150773,262144,8388608,trace_commit,178348962468,150754820096,,42828489984,16743661568,82824251264,40875254720,10737418112,144528681508,6226138588,144716334496,146553110528,12.683,2.129,verified,33632627972,4201709568
