pie,reason,n_blocks,txs,peer_count,historical_proof_status,os_steps,builtin_ec_op,builtin_pedersen,builtin_poseidon,builtin_bitwise,builtin_mul_mod,builtin_range_check96,builtin_keccak,builtin_ecdsa,os_steps_peer_percentile,builtin_ec_op_peer_percentile,builtin_pedersen_peer_percentile,builtin_poseidon_peer_percentile,builtin_bitwise_peer_percentile,builtin_mul_mod_peer_percentile,builtin_range_check96_peer_percentile,builtin_keccak_peer_percentile,builtin_ecdsa_peer_percentile,adapt_status,adapt_wall_s,geometry_plan_bytes,geometry_peak_live_bytes,gpu_proof_status,gpu_peak_used_bytes,publication_s,proof_execute_finish_s,official_verification
15607704_15607704,maximum one-block Keccak,1,7,1962,,24450864,651,157975,4233,180,0,0,14,0,98.93,54.54,57.19,57.95,87.87,98.22,98.22,100.0,98.93,adapted,7.225,82858703888,82858703852,verified,84699316224,8.002,1.181,verified
15592648_15592648,high one-block EC-op at high steps,1,7,1962,,23546245,1230,181190,7677,32,0,0,0,0,93.22,99.85,96.79,99.64,58.92,98.22,98.22,98.01,98.93,adapted,7.49,116412815088,115715253324,verified,118253748224,8.978,1.723,verified
15581265_15581265,second-highest one-block bitwise,1,36,1962,,23287855,819,185893,5845,2338,0,0,0,0,89.04,82.57,98.17,93.53,99.95,98.22,98.22,98.01,98.93,adapted,7.536,116260025216,116260025192,verified,118085976064,8.881,1.69,verified
15581937_15581937,high one-block EC-op and Poseidon,1,10,1962,,22991380,1251,185304,8319,61,0,0,0,0,82.72,99.9,97.96,99.95,67.43,98.22,98.22,98.01,98.93,adapted,7.417,118612336656,117538594832,verified,120434786304,8.991,1.76,verified
15590913_15590913,maximum one-block Pedersen,1,3,1962,,22673315,234,217608,1623,0,0,0,0,0,76.55,1.63,100.0,1.02,14.37,98.22,98.22,98.01,98.93,adapted,7.717,103366794272,102323539144,verified,105201074176,8.755,1.567,verified
15603744_15603744,maximum one-block bitwise,1,44,1962,,22219995,519,157322,4379,2899,0,0,0,0,66.31,26.35,55.45,62.9,100.0,98.22,98.22,98.01,98.93,adapted,6.93,87875021696,87875021640,verified,89698926592,8.242,1.236,verified
15587864_15587864,maximum one-block ECDSA,1,13,1962,,21763163,597,175990,3942,32,0,0,0,5,55.15,43.22,93.02,47.91,58.92,98.22,98.22,98.01,100.0,adapted,6.924,109874625408,108800883588,verified,111710633984,8.671,1.616,verified
15601018_15601018,maximum modular arithmetic with low Pedersen,1,11,1962,,20964436,180,65297,2475,589,5057,21475,8,0,35.02,1.02,0.31,5.91,97.5,100.0,100.0,99.95,98.93,adapted,5.313,54490961328,54490961296,verified,56312266752,7.779,0.725,verified
15582797_15582797,maximum one-block EC-op and Poseidon,1,6,1962,,20848320,1422,146766,9682,52,0,0,0,0,32.47,100.0,27.57,100.0,63.71,98.22,98.22,98.01,98.93,adapted,7.236,88627473376,88627473332,verified,90470678528,15.314,1.293,verified
15581148_15581148,maximum one-block range-check96 and modular arithmetic,1,6,1962,,18809789,699,136067,5603,572,5057,21475,8,0,5.05,64.22,10.19,90.57,97.09,100.0,100.0,99.95,98.93,adapted,5.941,82697758816,82697758736,verified,84531544064,7.446,1.183,verified
15601156_15601157,maximum two-block steps,2,17,64,,32770996,192,242735,2990,361,0,0,0,0,98.44,26.56,93.75,23.44,67.19,85.94,85.94,84.38,96.88,adapted,10.437,122425564192,122425564164,verified,124259991552,10.436,1.725,verified
15580721_15580722,high-step two-block mixed EC-op and Pedersen,2,20,64,,30581301,774,244917,6720,968,2024,8605,8,0,96.88,82.81,95.31,95.31,87.5,89.06,89.06,96.88,96.88,adapted,10.047,124752191344,124752191300,verified,126575247360,10.334,1.775,verified
15581194_15581196,high-step three-block modular arithmetic,3,11,64,,29310289,648,228493,5878,670,5057,21475,8,0,93.75,59.38,87.5,84.38,78.12,96.88,96.88,96.88,96.88,adapted,9.503,121978217568,121978217488,verified,123823783936,9.751,1.731,verified
15588777_15588780,high-step four-block mixed components,4,10,64,,33679033,495,298934,4130,77,0,0,0,0,100.0,35.94,100.0,43.75,25.0,85.94,85.94,84.38,96.88,adapted,11.437,132228586352,132228586308,verified,134057885696,10.599,1.966,verified
15576810_15576819,"40M-step ten-block capacity boundary, typical component mix",10,41,3057,,40085408,933,261891,8950,1097,,,,,87.9,86.62,86.82,87.44,85.31,95.78,95.78,94.08,93.23,adapted,12.476,154687764752,154687764704,not_run_plan_exceeds_h200,,,,
15576750_15576759,"45M-step ten-block near H200 limit, high EC and Pedersen",10,22,3057,,44939634,1599,341520,10994,264,,,,,88.68,90.19,89.21,89.56,45.04,95.78,95.78,94.08,93.23,adapted,14.547,146027808736,146027808708,verified,147848757248,12.393,2.144,verified
15553820_15553829,"48M-step ten-block over H200 limit, extreme Poseidon",10,71,3057,,48292302,2244,321508,31562,693,,,,1,89.47,92.64,88.75,98.4,76.64,95.78,95.78,94.08,98.69,adapted,15.34,182809036096,182809036060,not_run_plan_exceeds_h200,,,,
15578800_15578809,"56M-step ten-block over H200 limit, high bitwise and modular",10,33,3057,,55868127,1836,416199,15346,2981,12822,54540,32,,90.19,91.3,90.22,92.67,98.2,99.31,99.31,99.38,93.23,adapted,18.838,160495138016,160495137956,not_run_plan_exceeds_h200,,,,
15575610_15575619,"58M-step ten-block over H200 limit, high modular arithmetic",10,28,3057,,58289037,1611,420809,13418,1631,11135,47365,24,,90.68,90.25,90.35,91.63,90.09,99.08,99.08,99.02,93.23,adapted,19.364,155003960480,155003960424,not_run_plan_exceeds_h200,,,,
