pie,os_steps,n_memory_holes,archive_bytes,cpi_bytes,status,ingress_s,proof_execute_finish_s,adapted_to_publication_s,process_wall_s,host_peak_rss_bytes,gpu_peak_used_bytes,planned_arena_bytes,peak_live_bytes,proof_bytes,proof_sha256,error,fixed_initial_upload_s,fixed_preprocessed_load_s,fixed_materialize_s,ingress_other_s,ingress_preparation_other_s,publication_other_s,process_overhead_s,rust_verify_s,rust_verify_inner_s,rust_verify_peak_rss_bytes,ingress_paths_s,ingress_runtime_s,ingress_source_s,ingress_controllers_s,ingress_twiddles_s,ingress_allocation_s,ingress_binding_s,ingress_static_s,ingress_writers_s,ingress_statement_and_session_s
15603260_15603276,22335051,1999881,119132056,441548924,verified,5.828,1.205,7.117,7.706,1910804480,107764121600,105924885392,105924885392,7264181,147a62017048903cf86e4b077d9f5022045f26e1f2b567b608c953961fc60cb3,,0.065,2.332,0.001,3.43,1.707,0.084,0.589,0.065,0.042,31031296,0.0,0.542,1.789,0.15,0.068,0.168,0.124,2.398,0.487,0.103
15613507_15613532,6402711,738282,38028103,136824280,verified,4.647,0.542,5.259,5.654,1089548288,48775430144,46923109472,46923109472,7368748,78fa1a61bf07b3d7baddec9df8d80593780c67b0d4e0aebf2ddc1e36d1629eec,,0.039,2.761,0.001,1.846,1.151,0.07,0.395,0.061,0.04,31277056,0.0,0.393,0.735,0.201,0.055,0.091,0.168,2.801,0.128,0.076
15584659_15584659,22537865,2272931,121855029,443886360,verified,6.531,1.216,7.817,8.349,1920995328,109844496384,107993711872,107993711872,7252996,96ecbb9f3542219e3b51c2390deef0eb799d1daad4bd4c45da7c3df6f95e0acd,,0.068,2.989,0.001,3.473,1.631,0.07,0.532,0.058,0.037,31014912,0.0,0.388,1.911,0.201,0.042,0.202,0.168,3.058,0.485,0.076
15563500_15563509,3316021,492280,19974907,77093968,verified,4.446,0.439,4.955,5.284,949485568,35085221888,33249790272,33249790272,7187283,c851eb0c3d0671dc5eaa19794990a4a951f9b21b284e0d546b96279fcf039661,,0.032,2.841,0.001,1.572,1.069,0.07,0.329,0.059,0.037,30900224,0.0,0.394,0.536,0.201,0.047,0.066,0.168,2.874,0.085,0.076
15574020_15574029,5960597,589007,34079292,130389804,verified,4.52,0.532,5.118,5.49,1076330496,48641212416,46805028032,46805028032,7199740,354e6ac582f463385396ebbc4d26463c4379394f8982a99b62c25813ff4437d4,,0.039,2.659,0.001,1.821,1.151,0.066,0.372,0.057,0.036,30932992,0.0,0.403,0.71,0.2,0.052,0.089,0.168,2.699,0.123,0.076
15589057_15589061,26823249,2900771,143702455,522581004,verified,5.505,1.195,6.768,7.288,2095124480,107797676032,105952234208,105952234208,7255202,4301b436a5e2f0e3af65f9b7317122ce97564f7c5ff45ce1464bec943f829ae3,,0.071,2.334,0.001,3.099,1.504,0.068,0.52,0.058,0.037,30932992,0.0,0.38,1.667,0.151,0.041,0.168,0.124,2.406,0.492,0.076
15589484_15589500,18448028,1584338,111901006,383154824,verified,4.839,1.22,6.141,6.723,1758875648,111354445824,109497357440,109497357440,7213627,dee5f13c5bcdc5f2f783fd0a0f3d5e5f638a842186b9c1e5a7033096c5fddd00,,0.105,2.195,0.001,2.539,1.402,0.082,0.582,0.059,0.037,30965760,0.0,0.376,1.242,0.15,0.044,0.175,0.129,2.3,0.347,0.076
15586137_15586158,22931241,2052610,129637509,458922696,verified,5.529,1.246,6.843,7.376,1952591872,110482030592,108621879712,108621879712,7242324,e57ed53c99a82edb57e6d2f58d09e2b9031f387d47b18d93d6ed5bdfd74ba06b,,0.066,2.328,0.001,3.133,1.731,0.068,0.533,0.06,0.036,30867456,0.0,0.378,1.47,0.154,0.055,0.177,0.125,2.396,0.672,0.104
15583584_15583584,21392815,2223224,117379465,416290572,verified,5.474,1.137,6.677,7.198,1852530688,99509731328,97651511904,97651511904,7224889,6c813d788cd93cfd7a290a46b2fcfe1a815a7fbf28da03cc590b793c1554d591,,0.063,2.341,0.001,3.07,1.425,0.066,0.521,0.058,0.037,31162368,0.0,0.39,1.708,0.15,0.041,0.156,0.124,2.405,0.425,0.076
15565760_15565769,2147880,337417,13420160,51378876,verified,4.167,0.406,4.654,4.985,872755200,30823809024,28986948352,28986948352,7225594,047974f7370123e81fe5c3d9b95400d1ac4b3ae7eb68ee3a86530edab119275b,,0.03,2.676,0.001,1.459,1.035,0.081,0.331,0.059,0.037,30916608,0.0,0.391,0.456,0.201,0.044,0.058,0.168,2.708,0.066,0.076
15556540_15556549,4237243,512740,25116054,94350196,verified,4.75,0.507,5.392,5.756,989007872,39212417024,37363877024,37363877024,7375216,65f4754000c00485c05f29bb9167e17cd3f0a5ad794f4e06521d7afae6f5bf67,,0.038,2.996,0.002,1.715,1.173,0.135,0.364,0.059,0.037,31293440,0.0,0.388,0.581,0.201,0.078,0.076,0.168,3.036,0.118,0.103
15612862_15612893,18657605,1477101,113280637,391064220,verified,5.584,0.89,6.553,7.075,1774759936,86389948416,84539930912,84539930912,7245837,ea1b60225cd6276b7b4b35cba3a421c0c2bdd0c604cdc29cd567449d123e5ba6,,0.061,2.466,0.001,3.056,1.503,0.079,0.522,0.057,0.037,31145984,0.0,0.399,1.615,0.201,0.045,0.158,0.168,2.528,0.394,0.076
15603336_15603336,21499946,2073900,116627915,425293260,verified,6.027,1.247,7.355,7.931,1875628032,109810941952,107974617456,107974617456,7276701,8f9828b3fd75b717aa9315918ee7fd08b3a9ee4d1fe6b019b255589619d8e991,,0.061,2.78,0.001,3.185,1.609,0.081,0.576,0.058,0.037,30982144,0.0,0.499,1.638,0.153,0.044,0.172,0.124,2.842,0.448,0.107
15552920_15552929,1516218,266491,9624938,37748392,verified,4.109,0.379,4.554,4.865,839331840,28575662080,26739650848,26739650848,7182528,40fab6b39ef6874ba12e54d20adf5b254f8648d9625186494e1b52e60d12cd52,,0.029,2.684,0.001,1.395,1.025,0.066,0.311,0.058,0.036,30932992,0.0,0.387,0.4,0.202,0.049,0.055,0.169,2.714,0.058,0.076
15572540_15572549,7200864,471934,40952370,152215512,verified,4.407,0.504,4.975,5.331,1124216832,45252214784,43397876480,43397876480,7206425,748e7d1340675c11db8149c0c68452c6411812d287231da4b814f624305340b3,,0.04,2.451,0.001,1.915,1.133,0.064,0.356,0.058,0.038,30916608,0.0,0.382,0.823,0.2,0.043,0.083,0.168,2.492,0.14,0.076
15604278_15604305,13147260,909526,73366742,270221944,verified,5.096,0.778,5.94,6.374,1431314432,77397360640,75542693056,75542693056,7252980,9231e58cb424583e1365958bd0961c7035828cdf0ab55b6df4f9ed844adafd56,,0.106,2.564,0.001,2.424,1.358,0.066,0.434,0.06,0.037,30982144,0.0,0.39,1.174,0.199,0.047,0.141,0.172,2.672,0.225,0.076
15582673_15582673,20591238,2159744,111608230,400017920,verified,4.855,1.125,6.115,6.607,1818640384,99039969280,97205441136,97205441136,7220210,50f71d04b4dae27567f85a56a4740a27c8509b901bb04ca0b18b1c17db84f9a9,,0.105,2.166,0.001,2.583,1.377,0.135,0.492,0.058,0.037,30851072,0.0,0.369,1.312,0.15,0.043,0.165,0.124,2.272,0.344,0.076
15574250_15574259,3601003,418842,21186878,82321456,verified,4.169,0.434,4.68,5.011,958763008,35856973824,34000699472,34000699472,7259306,0142bd12997b0ec183051d2709fa87a6de7c2ae1e80b921c6d7cc48cd8487de3,,0.033,2.552,0.001,1.582,1.07,0.077,0.331,0.058,0.037,30949376,0.0,0.389,0.547,0.2,0.047,0.067,0.168,2.587,0.089,0.076
15577110_15577119,4242696,537127,24831325,94543044,verified,3.733,0.475,4.319,4.669,983302144,41561227264,39725520192,39725520192,7204451,14110dc6b78cb88c0dc8af1c09c2fa150901fc3bdee4f2c1d63a54cb59343bcd,,0.033,2.314,0.001,1.385,0.961,0.111,0.35,0.059,0.037,30883840,0.0,0.374,0.458,0.149,0.043,0.066,0.124,2.348,0.095,0.076
15609924_15609952,9585165,912620,55083159,201415380,verified,4.522,0.578,5.166,5.553,1277898752,53808594944,51967470080,51967470080,7213307,3289b38cfc43073a944316191992e53091a869e7d46356904162ca6a3ed77459,,0.044,2.359,0.001,2.118,1.205,0.066,0.387,0.057,0.036,31014912,0.0,0.388,0.958,0.201,0.046,0.1,0.168,2.404,0.182,0.076
15610747_15610747,20795033,2345739,110112179,403861364,verified,5.032,1.113,6.209,6.696,1823371264,99207741440,97372872320,97372872320,7193599,b344798d6f8a65ec168a94ad1e042a06bf0a18c6828b49ddbeb9d06bc29ad45c,,0.106,2.326,0.001,2.6,1.394,0.064,0.487,0.059,0.037,30998528,0.0,0.373,1.312,0.151,0.045,0.159,0.124,2.433,0.359,0.076
15577060_15577069,1290163,188509,8132943,32793340,verified,3.57,0.373,4.009,4.304,819535872,28173008896,26323413552,26323413552,7271748,6aec45a490f9f23b823a1c1aa05d4c67589a08664cdfc94ec73f5953b2c4aa6a,,0.076,2.317,0.001,1.177,0.958,0.066,0.295,0.058,0.037,31047680,0.0,0.388,0.295,0.15,0.043,0.046,0.128,2.394,0.049,0.076
15580170_15580179,6516916,863537,38714299,143927060,verified,3.972,0.552,4.589,4.958,1103855616,49580736512,47726956128,47726956128,7268136,24436e4ddd49256d2d85e98da523c03071ed9a58c9f5a0e931f9c91d0d86e71a,,0.037,2.326,0.001,1.608,1.037,0.065,0.369,0.057,0.036,30965760,0.0,0.381,0.609,0.152,0.045,0.078,0.124,2.364,0.141,0.078
15585270_15585301,15033931,976178,82989252,303841072,verified,4.539,0.827,5.489,5.942,1509842944,80517922816,78656414272,78656414272,7364055,a7304a1ea91e3daab43a88600eeb5137ab74fb4c5f81e91e2103c894729ab730,,0.052,2.317,0.001,2.17,1.198,0.123,0.453,0.058,0.038,31227904,0.0,0.382,1.024,0.149,0.043,0.128,0.124,2.37,0.243,0.076
15609900_15609900,20745872,2358834,106480248,397799728,verified,4.983,1.08,6.129,6.613,1810509824,97160921088,95298629408,95298629408,7234068,46e80912f74f3f0bbc287f764e2a78ceeac9a918deb16e6e5ad0db6772ea701f,,0.105,2.322,0.001,2.555,1.378,0.066,0.484,0.057,0.036,30932992,0.0,0.374,1.283,0.149,0.044,0.156,0.124,2.429,0.348,0.076
15573530_15573539,1575055,189206,9457314,38677404,verified,3.584,0.377,4.034,4.327,838057984,28676325376,26843079552,26843079552,7204238,1f50141267d23c5b259bc802cec61838308a9200216bf053fde6c651b390dcac,,0.076,2.304,0.001,1.203,0.947,0.073,0.293,0.057,0.037,30965760,0.0,0.371,0.333,0.15,0.043,0.047,0.128,2.381,0.057,0.076
15571520_15571529,5813979,425747,31779055,126166336,verified,4.079,0.53,4.675,5.041,1063985152,47970123776,46121839168,46121839168,7244287,600e79dc746a402536ca823966067aabd21f37bd13712ba0b1d06259aa745552,,0.037,2.27,0.001,1.771,1.117,0.066,0.366,0.058,0.037,30900224,0.0,0.388,0.692,0.199,0.043,0.088,0.168,2.308,0.117,0.076
15589024_15589052,16985128,1333535,96901424,342437464,verified,5.302,1.124,6.494,6.996,1667010560,100650582016,98804842640,98804842640,7345473,7211cd34d5d772f9e6f2a973178234d8faa0b0cc00338a736fc79a8d0443b2db,,0.056,2.459,0.001,2.786,1.406,0.068,0.502,0.058,0.037,30949376,0.0,0.392,1.437,0.154,0.041,0.184,0.168,2.516,0.334,0.076
15612846_15612846,21631169,2455568,116389930,422341904,verified,5.622,1.133,6.822,7.316,1869742080,101254561792,99408096832,99408096832,7265491,fff1757b66272947c8c4de96549f55c6c5244ce30af38f0647002af6d823c552,,0.065,2.346,0.001,3.21,1.529,0.067,0.494,0.058,0.037,31031296,0.0,0.383,1.747,0.2,0.042,0.186,0.168,2.412,0.408,0.076
15591724_15591748,11663283,907134,66245447,240679464,verified,4.176,0.702,5.044,6.274,1364799488,62481956864,60076079808,60076079808,7211674,850848bbd9348233d1cb190b659f46b455331cf8910388bbcb1ba638ab43b095,,0.045,2.198,0.001,1.932,1.13,0.166,1.23,0.056,0.036,30916608,0.0,0.378,0.848,0.15,0.041,0.097,0.125,2.244,0.217,0.076
15592103_15592103,22657631,2521548,120597780,441752432,verified,5.348,1.196,6.62,7.116,1911926784,103938916352,102097294016,102097294016,7218924,e03ffed42dea256d1ff62558b62f44f948f07073b30cea959596342a920a0cdc,,0.109,2.237,0.001,3.001,1.696,0.076,0.496,0.059,0.037,30965760,0.0,0.413,1.415,0.15,0.056,0.345,0.124,2.347,0.395,0.103
15602472_15602521,9561367,817085,55338854,197974876,verified,4.088,0.656,4.81,5.208,1268137984,60284600320,58439793824,58439793824,7191944,884b5b14cc0b04e43fb96a5ac474680ba31371bf590fafd3a092045387a17280,,0.041,2.254,0.001,1.792,1.085,0.066,0.398,0.057,0.036,30949376,0.0,0.374,0.749,0.152,0.044,0.095,0.124,2.296,0.179,0.076
15604196_15604196,22014935,2234315,120357311,434363424,verified,5.084,1.176,6.326,6.843,1900187648,104610004992,102751510192,102751510192,7219710,1fcc473cbde03d75fd92548d4f09ba455a2337c19c3413e5b31abb50ec9d00d9,,0.11,2.252,0.001,2.72,1.426,0.066,0.517,0.058,0.037,31014912,0.0,0.365,1.406,0.151,0.042,0.167,0.124,2.364,0.389,0.076
15593430_15593457,23551581,1774144,127034148,464860932,verified,6.699,1.257,8.036,8.641,1960103936,117461352448,115599317056,115599317056,7340378,7ee88380a6571d90cedd6d6852cd8d8a252f12ba4242ca6679e7c85f0a08d7ed,,0.069,3.048,0.001,3.581,1.741,0.08,0.605,0.059,0.037,31244288,0.0,0.384,1.91,0.202,0.043,0.224,0.17,3.118,0.545,0.103
15606705_15606705,21396935,2122104,116931229,414206372,verified,5.659,1.585,7.315,7.889,1852219392,136352497664,134514386016,134514386016,7161705,011430b53ad28e71b8661485820276aab4556df3883d2b9ac32e8ef544125e37,,0.061,2.329,0.001,3.268,1.578,0.071,0.574,0.057,0.036,30818304,0.0,0.4,1.752,0.199,0.043,0.248,0.123,2.391,0.426,0.076
15598854_15598889,14803043,1101431,86629077,297624660,verified,4.565,1.094,5.725,6.207,1500876800,97731346432,95894636832,95894636832,7246762,dd8bde06d153d7c354c0791a1c565a575f92d835e032c58d99aa4006d77cf019,,0.051,2.325,0.001,2.188,1.213,0.066,0.482,0.059,0.037,31162368,0.0,0.367,1.027,0.151,0.044,0.152,0.124,2.377,0.246,0.076
15602708_15602708,21733873,2220052,116021559,423302884,verified,5.679,1.158,6.919,7.467,1871425536,99476176896,97612271280,97612271280,7194786,41b7482bc8aa07057f2872a7bec8ab7a5894b07c3499c9c384d35809b810f264,,0.064,2.43,0.001,3.184,1.519,0.082,0.548,0.055,0.036,30965760,0.0,0.383,1.73,0.2,0.043,0.182,0.168,2.496,0.402,0.076
15588988_15589023,19246634,1141880,108519735,394294616,verified,5.213,1.003,6.297,6.819,1795911680,95013437440,93176581280,93176581280,7245139,c2b6998cd0f59143ab3b12c05c1728f2b76baa2c585ee3a6fb4ea2059bc35715,,0.104,2.326,0.001,2.783,1.478,0.081,0.522,0.057,0.037,31064064,0.0,0.39,1.409,0.149,0.044,0.147,0.124,2.431,0.415,0.103
15601286_15601286,22336271,2368829,117339405,434054700,verified,5.07,1.21,6.346,6.879,1892368384,107831230464,105987716096,105987716096,7204467,8f876cb9869665a97843025999e7622bccac0fa4d4c620a375b018a3351e6892,,0.109,2.249,0.001,2.711,1.42,0.066,0.533,0.058,0.037,30916608,0.0,0.379,1.401,0.15,0.046,0.172,0.124,2.36,0.365,0.076
15608872_15608909,17488631,1451356,101588850,356288500,verified,5.18,0.95,6.202,6.669,1696960512,93134389248,91275594096,91275594096,7220297,6ed186ac0402b82bc86964588b60cb2cd3d07ec09ed9f2f70881fe1321850bbb,,0.056,2.325,0.001,2.798,1.366,0.072,0.467,0.061,0.037,30932992,0.0,0.385,1.489,0.176,0.042,0.147,0.124,2.382,0.359,0.076
