pie,input,variant,status,allocated_bytes,request_arena_bytes,peak_live_bytes,logical_bytes,coefficient_cells,evaluation_cells,device_bytes,reserve_bytes,admission_limit_bytes,error
15581148_15581148,/tmp/stwo-pie-extreme-20261001/adapted/15581148_15581148.cpi,canonical,admit_candidate,82697758816,82697758772,82697758736,125434764552,5824366080,11648732160,150754820096,6000000000,144754820096,
15581194_15581196,/tmp/stwo-pie-extreme-20261001/adapted/15581194_15581196.cpi,canonical,admit_candidate,121978217568,121978217524,121978217488,181698955928,8908418816,17816837632,150754820096,6000000000,144754820096,
15581265_15581265,/tmp/stwo-pie-extreme-20261001/adapted/15581265_15581265.cpi,canonical,admit_candidate,116260025216,116260025204,116260025192,174404463008,8543654128,17087308256,150754820096,6000000000,144754820096,
15581937_15581937,/tmp/stwo-pie-extreme-20261001/adapted/15581937_15581937.cpi,canonical,admit_candidate,118612336656,117698588004,117538594832,177238027252,8776728368,17553456736,150754820096,6000000000,144754820096,
15582797_15582797,/tmp/stwo-pie-extreme-20261001/adapted/15582797_15582797.cpi,canonical,admit_candidate,88627473376,88627473364,88627473332,134146885688,6356347568,12712695136,150754820096,6000000000,144754820096,
15587864_15587864,/tmp/stwo-pie-extreme-20261001/adapted/15587864_15587864.cpi,canonical,admit_candidate,109874625408,109874625396,108800883588,164687123104,8046837232,16093674464,150754820096,6000000000,144754820096,
15590913_15590913,/tmp/stwo-pie-extreme-20261001/adapted/15590913_15590913.cpi,canonical,admit_candidate,103366794272,103366794244,102323539144,155077348516,7512602816,15025205632,150754820096,6000000000,144754820096,
15592648_15592648,/tmp/stwo-pie-extreme-20261001/adapted/15592648_15592648.cpi,canonical,admit_candidate,116412815088,115920795428,115715253324,174231271280,8628578992,17257157984,150754820096,6000000000,144754820096,
15601018_15601018,/tmp/stwo-pie-extreme-20261001/adapted/15601018_15601018.cpi,canonical,admit_candidate,54490961328,54490961316,54490961296,83537459740,3456791040,6913582080,150754820096,6000000000,144754820096,
15603744_15603744,/tmp/stwo-pie-extreme-20261001/adapted/15603744_15603744.cpi,canonical,admit_candidate,87875021696,87875021684,87875021640,132057541240,6168128752,12336257504,150754820096,6000000000,144754820096,
15607704_15607704,/tmp/stwo-pie-extreme-20261001/adapted/15607704_15607704.cpi,canonical,admit_candidate,82858703888,82858703876,82858703852,125262383040,5834460528,11668921056,150754820096,6000000000,144754820096,
15601156_15601157,/tmp/stwo-pie-large-low-block-20261001/adapted/15601156_15601157.cpi,canonical,admit_candidate,122425564192,122425564180,122425564164,181684184992,8921455600,17842911200,150754820096,6000000000,144754820096,
15580721_15580722,/tmp/stwo-pie-large-low-block-20261001/adapted/15580721_15580722.cpi,canonical,admit_candidate,124752191344,124752191332,124752191300,185309906708,9125280144,18250560288,150754820096,6000000000,144754820096,
15588777_15588780,/tmp/stwo-pie-large-low-block-20261001/adapted/15588777_15588780.cpi,canonical,admit_candidate,132228586352,132228586340,132228586308,204645675492,9553857136,19107714272,150754820096,6000000000,144754820096,
15553820_15553829,/tmp/stwo-pie-extreme-20261001/medium-adapted/15553820_15553829.cpi,canonical,oversized,182809036096,182809036084,182809036060,278769595836,13668946096,27337892192,150754820096,6000000000,144754820096,
15575610_15575619,/tmp/stwo-pie-extreme-20261001/medium-adapted/15575610_15575619.cpi,canonical,oversized,155003960480,155003960452,155003960424,236759906412,11327111584,22654223168,150754820096,6000000000,144754820096,
15576750_15576759,/tmp/stwo-pie-extreme-20261001/medium-adapted/15576750_15576759.cpi,canonical,oversized,146027808736,146027808724,146027808708,225079015744,10669099248,21338198496,150754820096,6000000000,144754820096,
15576810_15576819,/tmp/stwo-pie-extreme-20261001/medium-adapted/15576810_15576819.cpi,canonical,oversized,154687764752,154687764740,154687764704,235384742772,11177298160,22354596320,150754820096,6000000000,144754820096,
15578800_15578809,/tmp/stwo-pie-extreme-20261001/medium-adapted/15578800_15578809.cpi,canonical,oversized,160495138016,160495137988,160495137956,244345607708,11663910304,23327820608,150754820096,6000000000,144754820096,
