pie,stratum,os_steps,n_blocks,archive_bytes,shard
15603608_15603608,one_16_24,19631081,1,106264850,0
15605675_15605675,one_24_28,24260766,1,129961673,0
15554960_15554969,ten_0_8,2653316,10,16031407,0
15569940_15569949,ten_8_16,15971061,10,90824244,0
15576490_15576499,ten_16_28,18589536,10,104752822,0
15585665_15585672,two_to_nine,25539001,8,137908274,0
15584949_15584959,eleven_to_twenty,25726267,11,143552786,0
15600079_15600111,twentyone_to_fifty,14710087,33,82420930,0
15599017_15599017,one_16_24,23062058,1,120137563,0
15592650_15592650,one_24_28,24054096,1,129052659,0
15558020_15558029,ten_0_8,3689910,10,21145838,0
15566910_15566919,ten_8_16,8485630,10,48781108,0
15569980_15569989,ten_16_28,24228520,10,130410626,0
15613324_15613332,two_to_nine,25395195,9,137096224,0
15586501_15586511,eleven_to_twenty,23186676,11,128568565,0
15597292_15597341,twentyone_to_fifty,9713100,50,60481312,0
15589478_15589478,one_16_24,23003913,1,121473109,0
15586684_15586684,one_24_28,24664285,1,130570035,0
15554160_15554169,ten_0_8,6565070,10,37299287,0
15554420_15554429,ten_8_16,15876072,10,88963652,0
15576770_15576779,ten_16_28,22420447,10,122821744,0
15580866_15580874,two_to_nine,7868088,9,42908073,0
15613225_15613243,eleven_to_twenty,17873829,19,99398105,0
15586826_15586872,twentyone_to_fifty,13173314,47,77904678,0
15610199_15610199,one_16_24,21216880,1,112550633,0
15611507_15611507,one_24_28,24645027,1,125340380,0
15578240_15578249,ten_0_8,2881877,10,17592928,0
15571140_15571149,ten_8_16,15050777,10,85366412,0
15565970_15565979,ten_16_28,22241648,10,122119000,0
15601455_15601462,two_to_nine,4380742,8,25224179,0
15581157_15581168,eleven_to_twenty,11173379,12,64487634,0
15606544_15606593,twentyone_to_fifty,13191945,50,74425829,0
15586500_15586500,one_16_24,22741665,1,123956198,0
15593522_15593522,one_24_28,24294185,1,129215323,0
15574910_15574919,ten_0_8,3597397,10,20783439,0
15557460_15557469,ten_8_16,9380248,10,53489213,0
15565680_15565689,ten_16_28,20769314,10,120947366,0
15596565_15596573,two_to_nine,5063204,9,29211429,0
15613730_15613744,eleven_to_twenty,26726401,15,150773491,0
15604586_15604606,twentyone_to_fifty,23087847,21,125002239,0
15594458_15594458,one_16_24,23544403,1,126967942,1
15606001_15606001,one_24_28,24371322,1,127795372,1
15560770_15560779,ten_0_8,4347399,10,25298952,1
15577130_15577139,ten_8_16,10949174,10,60144043,1
15578610_15578619,ten_16_28,25003420,10,139451435,1
15610104_15610110,two_to_nine,11831077,7,61141428,1
15613649_15613660,eleven_to_twenty,10020639,12,55745249,1
15581510_15581534,twentyone_to_fifty,19079263,25,103451135,1
15596743_15596743,one_16_24,21170181,1,115696026,1
15609592_15609592,one_24_28,24305971,1,126829684,1
15576670_15576679,ten_0_8,5667065,10,32866686,1
15578710_15578719,ten_8_16,10181536,10,57992090,1
15576760_15576769,ten_16_28,21825986,10,120669710,1
15602838_15602846,two_to_nine,3273817,9,19385204,1
15593195_15593207,eleven_to_twenty,19200888,13,105594457,1
15609669_15609693,twentyone_to_fifty,22323009,25,124568626,1
15604308_15604308,one_16_24,21822957,1,118452046,1
15601501_15601501,one_24_28,24339102,1,122586500,1
15574240_15574249,ten_0_8,4585356,10,25786398,1
15552010_15552019,ten_8_16,10619915,10,57577599,1
15558930_15558939,ten_16_28,24210519,10,130918106,1
15608228_15608231,two_to_nine,25756741,4,133443372,1
15594494_15594505,eleven_to_twenty,23460016,12,128484773,1
15589112_15589134,twentyone_to_fifty,24912797,23,134653837,1
15583525_15583525,one_16_24,20508591,1,112353720,1
15588708_15588708,one_24_28,24326728,1,131260199,1
15567470_15567479,ten_0_8,7777658,10,44810437,1
15561760_15561769,ten_8_16,11273532,10,61764020,1
15572330_15572339,ten_16_28,24481064,10,131002628,1
15604080_15604088,two_to_nine,24233781,9,136435533,1
15594668_15594684,eleven_to_twenty,22031037,17,123574930,1
15603205_15603235,twentyone_to_fifty,20353231,31,118551481,1
15581308_15581308,one_16_24,19783518,1,109480643,1
15607732_15607732,one_24_28,24059639,1,122206007,1
15570160_15570169,ten_0_8,3062301,10,19103125,1
15556270_15556279,ten_8_16,9271636,10,51836977,1
15580060_15580069,ten_16_28,22406480,10,128768360,1
15591122_15591123,two_to_nine,26182786,2,146886708,1
15612621_15612633,eleven_to_twenty,16094445,13,89028769,1
15612936_15612975,twentyone_to_fifty,16335471,40,91136263,1
15606280_15606280,one_16_24,21979518,1,120945756,2
15565830_15565839,ten_0_8,5496368,10,32692471,2
15552120_15552129,ten_8_16,9226841,10,50949041,2
15580604_15580639,twentyone_to_fifty,17531183,36,102206099,2
15581939_15581939,one_16_24,23464648,1,126785940,2
15563880_15563889,ten_0_8,4922452,10,29305099,2
15579600_15579609,ten_8_16,11258635,10,67880662,2
15603463_15603510,twentyone_to_fifty,13965762,48,85363771,2
15590044_15590044,one_16_24,21824036,1,116714678,2
15552430_15552439,ten_0_8,3319158,10,19057732,2
15551220_15551229,ten_8_16,8326438,10,48217455,2
15587082_15587106,twentyone_to_fifty,21033536,25,121582586,2
15582796_15582796,one_16_24,23042040,1,122877041,2
15561570_15561579,ten_0_8,7608713,10,44917833,2
15557050_15557059,ten_8_16,10107336,10,56375135,2
15610251_15610294,twentyone_to_fifty,13396897,44,73748418,2
15609474_15609474,one_16_24,21962490,1,115664109,2
15570780_15570789,ten_0_8,4691758,10,27823707,2
15553270_15553279,ten_8_16,8261093,10,46828824,2
15602292_15602327,twentyone_to_fifty,19703696,36,112130411,2
15613501_15613501,one_16_24,20275236,1,112201579,2
15553180_15553189,ten_0_8,6489410,10,36882495,2
15588571_15588616,twentyone_to_fifty,15181722,46,93179067,2
15612446_15612446,one_16_24,22037657,1,114071709,2
15573810_15573819,ten_0_8,2626535,10,16144475,2
15586873_15586906,twentyone_to_fifty,12183321,34,67255756,2
15582279_15582279,one_16_24,22027768,1,117574277,2
15558850_15558859,ten_0_8,2828424,10,16686770,2
15592492_15592518,twentyone_to_fifty,13517319,27,80867379,2
15604790_15604790,one_16_24,21474278,1,111822591,2
15564840_15564849,ten_0_8,2948246,10,16846601,2
15610025_15610066,twentyone_to_fifty,11465449,42,70346081,2
15585303_15585303,one_16_24,21412743,1,116153712,2
15550860_15550869,ten_0_8,4059927,10,25648836,2
15602120_15602169,twentyone_to_fifty,15085049,50,85256747,2
15609020_15609020,one_16_24,23357332,1,122762602,2
15570820_15570829,ten_0_8,2849067,10,17893506,2
15580799_15580799,one_16_24,22047803,1,121166307,2
15578280_15578289,ten_0_8,3408240,10,20967773,2
15582461_15582461,one_16_24,21540310,1,117946459,2
15563360_15563369,ten_0_8,5336142,10,39037992,3
15604665_15604665,one_16_24,22022496,1,117138578,3
15553450_15553459,ten_0_8,4590439,10,26296292,3
15601162_15601162,one_16_24,20557438,1,108447496,3
15561330_15561339,ten_0_8,4627951,10,26136494,3
15582004_15582004,one_16_24,20726682,1,111172209,3
15601215_15601215,one_16_24,21209747,1,111418234,3
15591788_15591788,one_16_24,20894274,1,113376033,3
15587213_15587213,one_16_24,21967621,1,117415208,3
15585048_15585048,one_16_24,18898529,1,105172548,3
15607562_15607562,one_16_24,23230948,1,120630517,3
15596430_15596430,one_16_24,18403042,1,102152104,3
15605676_15605676,one_16_24,20929191,1,113909544,3
15613000_15613000,one_16_24,22471437,1,122362312,3
15612998_15612998,one_16_24,21021831,1,115257274,3
15580769_15580769,one_16_24,23323900,1,127379034,3
15586574_15586574,one_16_24,23277247,1,125209999,3
15609253_15609253,one_16_24,22274712,1,120665145,3
15611680_15611680,one_16_24,19563088,1,106321743,3
15613721_15613721,one_16_24,23219002,1,123195202,3
15603951_15603951,one_16_24,20351405,1,106388402,3
15612588_15612588,one_16_24,22771588,1,121250609,3
15607994_15607994,one_16_24,20817945,1,107796197,3
15603945_15603945,one_16_24,22659208,1,120055909,3
15598318_15598318,one_16_24,22507372,1,119466862,3
15586652_15586652,one_16_24,23144060,1,124483079,3
15588892_15588892,one_16_24,22394604,1,117365159,3
15601022_15601022,one_16_24,21391864,1,98485166,3
15613635_15613635,one_16_24,23570498,1,124015051,3
15605012_15605012,one_16_24,22542076,1,118191910,3
15582050_15582050,one_16_24,20914501,1,113925406,3
15590665_15590665,one_16_24,20300223,1,111659662,3
15606381_15606381,one_16_24,22133039,1,118626583,3
15593005_15593005,one_16_24,22029608,1,121440977,3
15591587_15591587,one_16_24,19126869,1,107229318,3
15601766_15601766,one_16_24,23814183,1,122166040,3
15612521_15612521,one_16_24,21567184,1,114173206,3
15583287_15583287,one_16_24,20920813,1,114058850,3
15605515_15605515,one_16_24,21163874,1,110068900,3
15584098_15584098,one_16_24,21011410,1,114147702,3
