elapsed_ns,gpu_used_bytes,process_rss_bytes
25298064,2097152,11558912
306740294,22020096,19742720
579048879,532676608,19742720
850453608,532676608,19742720
1122454985,666894336,19742720
1392463792,666894336,19742720
1662718627,666894336,19742720
1933374511,666894336,19742720
2203807855,666894336,19742720
2473993571,666894336,19742720
2744089467,1069547520,19742720
3013740765,2143289344,19742720
3283621212,3217031168,19742720
3553430990,5555355648,19742720
3823567826,6226444288,19742720
4094161429,8120172544,19742720
4365622179,9865003008,19742720
4635791415,11878268928,19742720
4905943540,12146704384,19742720
5175839838,12146704384,19742720
5446010153,12280922112,19742720
5717535152,14294188032,19742720
5990260486,14831058944,19742720
6262725750,14831058944,19742720
6533884931,14831058944,19742720
6804646714,14831058944,19742720
7074032143,14831058944,19742720
7344342508,14831058944,19742720
7614702583,14831058944,19742720
7885251227,14831058944,19742720
8167662552,15101591552,19742720
8451723419,15101591552,19742720
8722461852,15235809280,19742720
9003827232,15235809280,19742720
9274310666,16443768832,19742720
9545251498,16846422016,19742720
9823644422,16846422016,19742720
10102937983,16846422016,19742720
10373363847,16846422016,19742720
10643014776,17785946112,19742720
10912939263,17785946112,19742720
11182943519,17785946112,19742720
11453209525,17785946112,19742720
11723413190,17920163840,19742720
11995268688,19664994304,19742720
12266403199,19664994304,19742720
12538000227,19664994304,19742720
12808604591,19664994304,19742720
13078536828,19664994304,19742720
13349208561,20791164928,19742720
13619156188,22535995392,19742720
13889775881,24014487552,19742720
14159372500,26698842112,19742720
14430369392,28712108032,19742720
14705253654,30188503040,19742720
14980563384,30188503040,19742720
15256792510,30188503040,19742720
15533254154,30188503040,19742720
15807791928,30188503040,19742720
16079813115,31935430656,19742720
16349430474,33009172480,19742720
16619598549,33009172480,19742720
16889855235,33009172480,19742720
17160275739,24331157504,19742720
17430411215,1438646272,19742720
17700322912,1438646272,19742720
17970216919,1438646272,19742720
18247450430,1438646272,19742720
18516657980,1438646272,19742720
18786990515,1438646272,19742720
19057320650,1438646272,19742720
19329965634,29590814720,19742720
19603218194,29592911872,19742720
19873693949,29592911872,19742720
20147436057,4628414464,19742720
20421999180,1843396608,19742720
20693745768,2917138432,19742720
20963640026,3856662528,19742720
21233796001,6272581632,19742720
21505029922,6943670272,19742720
21775898804,8688500736,19742720
22047747131,10164895744,19742720
22319398830,11641290752,19742720
22590551581,11775508480,19742720
22861773281,11775508480,19742720
23133352490,11775508480,19742720
23407800665,13117685760,19742720
23681806691,14594080768,19742720
23957747328,14594080768,19742720
24237779605,14594080768,19742720
24518594848,14594080768,19742720
24787848528,14594080768,19742720
25059504866,14594080768,19742720
25328796746,14594080768,19742720
25601960337,14594080768,19742720
25871226438,14594080768,19742720
26154477268,14728298496,19742720
26425376400,15130951680,19742720
26697545796,16338911232,19742720
26969317524,16338911232,19742720
27240924063,16338911232,19742720
27511895415,16338911232,19742720
27781645892,16473128960,19742720
28052710564,17144217600,19742720
28328211623,17144217600,19742720
28598571178,17144217600,19742720
28868777413,17144217600,19742720
29139617626,18217959424,19742720
29411302884,18889048064,19742720
29696707144,18889048064,19742720
29971277628,18889048064,19742720
30242140680,18889048064,19742720
30514977853,19962789888,19742720
30787199468,21439184896,19742720
31058153630,22915579904,19742720
31328432695,25465716736,19742720
31598057814,27613200384,19742720
31874552678,29223813120,19742720
32149188582,29223813120,19742720
32424196143,29223813120,19742720
32699613103,29223813120,19742720
32970214757,30029119488,19742720
33240189054,32178700288,19742720
33509557473,32178700288,19742720
33779108542,32178700288,19742720
34050368882,29104275456,19742720
34320585398,7396655104,19742720
34590264256,1333788672,19742720
34859635376,1333788672,19742720
35131285404,29485957120,19742720
35401753579,29485957120,19742720
35672096024,29485957120,19742720
35944748397,29485957120,19742720
36215082002,29485957120,19742720
36485364767,29485957120,19742720
36755347694,29485957120,19742720
37026349465,29485957120,19742720
37296853020,14050918400,19742720
37568313079,29485957120,19742720
37839866938,29485957120,19742720
38109315847,1325400064,19742720
38380916776,2097152,
