pie,first_block,last_block,os_steps
15653256_15653263,15653256,15653263,4174690
15653264_15653264,15653264,15653264,22810055
15653265_15653265,15653265,15653265,24191902
15653266_15653266,15653266,15653266,18476160
15653267_15653267,15653267,15653267,21855724
15653268_15653268,15653268,15653268,20323788
15653269_15653269,15653269,15653269,20159760
15653270_15653270,15653270,15653270,19483415
15653271_15653271,15653271,15653271,20783995
15653272_15653272,15653272,15653272,24636718
15653273_15653273,15653273,15653273,19775759
15653274_15653288,15653274,15653288,3719171
15653289_15653289,15653289,15653289,19955397
15653290_15653290,15653290,15653290,19497819
15653291_15653291,15653291,15653291,18249484
15653292_15653292,15653292,15653292,21794513
15653293_15653293,15653293,15653293,22005372
15653294_15653294,15653294,15653294,24074333
15653295_15653295,15653295,15653295,21768342
15653296_15653333,15653296,15653333,8025246
15653334_15653334,15653334,15653334,21774047
15653335_15653335,15653335,15653335,22394488
15653336_15653351,15653336,15653351,11713714
15653352_15653352,15653352,15653352,19738670
15653353_15653379,15653353,15653379,15275908
15653380_15653414,15653380,15653414,11195391
15653415_15653416,15653415,15653416,1582235
15653417_15653417,15653417,15653417,22246980
15653418_15653418,15653418,15653418,21991726
15653419_15653419,15653419,15653419,23279896
15653420_15653420,15653420,15653420,21287998
15653421_15653460,15653421,15653460,8236975
15653461_15653493,15653461,15653493,11084174
15653494_15653533,15653494,15653533,8530658
15653534_15653555,15653534,15653555,13740372
15653556_15653593,15653556,15653593,9084172
15653594_15653598,15653594,15653598,8787217
15653599_15653599,15653599,15653599,21567435
15653600_15653600,15653600,15653600,24434572
15653601_15653601,15653601,15653601,21521550
15653602_15653602,15653602,15653602,21346640
15653603_15653603,15653603,15653603,23022822
15653604_15653604,15653604,15653604,17845560
15653605_15653605,15653605,15653605,20858023
15653606_15653606,15653606,15653606,19792344
15653607_15653607,15653607,15653607,21436780
15653608_15653622,15653608,15653622,16026306
15653623_15653623,15653623,15653623,21820219
15653624_15653624,15653624,15653624,23193569
15653625_15653625,15653625,15653625,19733599
15653626_15653633,15653626,15653633,18607752
15653634_15653661,15653634,15653661,10165475
15653662_15653662,15653662,15653662,18841326
15653663_15653663,15653663,15653663,23210233
15653664_15653664,15653664,15653664,20055512
15653665_15653700,15653665,15653700,11456683
15653701_15653736,15653701,15653736,10701250
15653737_15653743,15653737,15653743,4548673
15653744_15653744,15653744,15653744,21078430
15653745_15653745,15653745,15653745,21455681
15653746_15653746,15653746,15653746,21720184
15653747_15653747,15653747,15653747,22484888
15653748_15653769,15653748,15653769,17393679
15653770_15653810,15653770,15653810,8608694
15653811_15653848,15653811,15653848,10586726
15653849_15653884,15653849,15653884,11505828
15653885_15653907,15653885,15653907,12986946
15653908_15653947,15653908,15653947,10592993
15653948_15653954,15653948,15653954,5064339
15653955_15653955,15653955,15653955,18637925
15653956_15653956,15653956,15653956,24708518
15653957_15653957,15653957,15653957,20578750
15653958_15653958,15653958,15653958,22606129
15653959_15653959,15653959,15653959,21278232
15653960_15653960,15653960,15653960,22215381
15653961_15653961,15653961,15653961,22292003
15653962_15653962,15653962,15653962,21032443
15653963_15653965,15653963,15653965,19136720
15653966_15653990,15653966,15653990,12479709
15653991_15653991,15653991,15653991,23353283
15653992_15653992,15653992,15653992,23738567
15653993_15653993,15653993,15653993,21996856
15653994_15653994,15653994,15653994,21617959
15653995_15653998,15653995,15653998,22389758
15653999_15654005,15653999,15654005,4931709
15654006_15654006,15654006,15654006,24358350
15654007_15654025,15654007,15654025,18486483
15654026_15654026,15654026,15654026,21385023
15654027_15654027,15654027,15654027,21701221
15654028_15654037,15654028,15654037,6551764
15654038_15654046,15654038,15654046,17829904
15654047_15654083,15654047,15654083,10351996
15654084_15654120,15654084,15654120,9266993
15654121_15654146,15654121,15654146,16006866
15654147_15654147,15654147,15654147,19801475
15654148_15654148,15654148,15654148,22382729
15654149_15654149,15654149,15654149,20403558
15654150_15654150,15654150,15654150,23410228
15654151_15654151,15654151,15654151,19929612
15654152_15654152,15654152,15654152,22768505
15654153_15654153,15654153,15654153,20428191
15654154_15654155,15654154,15654155,21487780
15654156_15654177,15654156,15654177,17588395
15654178_15654206,15654178,15654206,13094504
15654207_15654217,15654207,15654217,3208192
15654218_15654218,15654218,15654218,20853003
15654219_15654219,15654219,15654219,20316082
15654220_15654220,15654220,15654220,22232389
15654221_15654221,15654221,15654221,20571695
15654222_15654222,15654222,15654222,23451919
15654223_15654223,15654223,15654223,19903400
15654224_15654228,15654224,15654228,19879387
15654229_15654250,15654229,15654250,15266830
15654251_15654251,15654251,15654251,21159856
15654252_15654252,15654252,15654252,21076104
15654253_15654253,15654253,15654253,22475892
15654254_15654278,15654254,15654278,14580203
15654279_15654279,15654279,15654279,23755238
15654280_15654280,15654280,15654280,20916001
15654281_15654291,15654281,15654291,6365392
15654292_15654292,15654292,15654292,21146500
15654293_15654323,15654293,15654323,14670425
15654324_15654335,15654324,15654335,4820196
15654336_15654336,15654336,15654336,24801662
15654337_15654337,15654337,15654337,22144126
15654338_15654341,15654338,15654341,19058927
15654342_15654371,15654342,15654371,11732581
15654372_15654401,15654372,15654401,12352936
15654402_15654433,15654402,15654433,11815525
15654434_15654461,15654434,15654461,12857257
15654462_15654462,15654462,15654462,20966523
15654463_15654463,15654463,15654463,22976270
15654464_15654464,15654464,15654464,22523708
15654465_15654465,15654465,15654465,20922401
15654466_15654466,15654466,15654466,21565891
15654467_15654467,15654467,15654467,21361262
15654468_15654468,15654468,15654468,20781337
15654469_15654469,15654469,15654469,22517864
15654470_15654484,15654470,15654484,18420272
15654485_15654517,15654485,15654517,10935132
15654518_15654555,15654518,15654555,10334419
15654556_15654594,15654556,15654594,9851972
15654595_15654622,15654595,15654622,12346001
15654623_15654645,15654623,15654645,8500254
15654646_15654646,15654646,15654646,22226006
15654647_15654647,15654647,15654647,23771385
15654648_15654648,15654648,15654648,21647378
15654649_15654649,15654649,15654649,23259474
15654650_15654650,15654650,15654650,21406192
15654651_15654651,15654651,15654651,20498160
15654652_15654652,15654652,15654652,19238021
15654653_15654653,15654653,15654653,23505680
15654654_15654654,15654654,15654654,20770741
15654655_15654668,15654655,15654668,19590951
15654669_15654669,15654669,15654669,23821140
15654670_15654670,15654670,15654670,20826256
15654671_15654671,15654671,15654671,19616740
15654672_15654700,15654672,15654700,10020820
15654701_15654719,15654701,15654719,8526822
15654720_15654738,15654720,15654738,7345786
15654739_15654761,15654739,15654761,10376840
15654762_15654762,15654762,15654762,17919465
15654763_15654763,15654763,15654763,19892165
15654764_15654764,15654764,15654764,21746643
15654765_15654765,15654765,15654765,22823819
15654766_15654766,15654766,15654766,21365051
15654767_15654767,15654767,15654767,20755274
15654768_15654779,15654768,15654779,6127397
15654780_15654780,15654780,15654780,23959509
15654781_15654819,15654781,15654819,10079618
15654820_15654863,15654820,15654863,6913490
15654864_15654902,15654864,15654902,8318603
15654903_15654927,15654903,15654927,11426253
15654928_15654928,15654928,15654928,22348310
15654929_15654929,15654929,15654929,18601265
15654930_15654930,15654930,15654930,21224609
15654931_15654931,15654931,15654931,23399740
15654932_15654932,15654932,15654932,22973571
15654933_15654952,15654933,15654952,17261163
15654953_15654977,15654953,15654977,14176808
15654978_15655009,15654978,15655009,13318296
15655010_15655041,15655010,15655041,13977773
15655042_15655047,15655042,15655047,3129576
15655048_15655048,15655048,15655048,22140532
15655049_15655049,15655049,15655049,20260385
15655050_15655050,15655050,15655050,21463052
15655051_15655051,15655051,15655051,21615241
15655052_15655052,15655052,15655052,20357415
15655053_15655053,15655053,15655053,21089064
15655054_15655054,15655054,15655054,23711152
15655055_15655055,15655055,15655055,21807423
15655056_15655056,15655056,15655056,20794306
15655057_15655069,15655057,15655069,18074283
15655070_15655091,15655070,15655091,10712228
15655092_15655092,15655092,15655092,22090598
15655093_15655093,15655093,15655093,21167121
15655094_15655094,15655094,15655094,21627061
15655095_15655095,15655095,15655095,23064849
15655096_15655096,15655096,15655096,19511907
15655097_15655097,15655097,15655097,20938739
15655098_15655117,15655098,15655117,22087860
15655118_15655138,15655118,15655138,16675381
15655139_15655175,15655139,15655175,10928824
15655176_15655184,15655176,15655184,3130547
15655185_15655185,15655185,15655185,23121116
15655186_15655186,15655186,15655186,21941070
15655187_15655187,15655187,15655187,20339028
15655188_15655188,15655188,15655188,20707899
15655189_15655189,15655189,15655189,24189708
15655190_15655190,15655190,15655190,22302679
15655191_15655191,15655191,15655191,21873415
15655192_15655192,15655192,15655192,21679096
15655193_15655193,15655193,15655193,22315041
15655194_15655212,15655194,15655212,17646943
15655213_15655247,15655213,15655247,11114611
15655248_15655284,15655248,15655284,10728800
15655285_15655287,15655285,15655287,1359284
15655288_15655288,15655288,15655288,20591439
15655289_15655289,15655289,15655289,23322261
15655290_15655290,15655290,15655290,20699986
15655291_15655291,15655291,15655291,21715245
15655292_15655296,15655292,15655296,19178940
15655297_15655301,15655297,15655301,1115933
15655302_15655302,15655302,15655302,19530303
15655303_15655339,15655303,15655339,11568649
15655340_15655378,15655340,15655378,9310735
15655379_15655410,15655379,15655410,10116102
15655411_15655442,15655411,15655442,12303814
15655443_15655479,15655443,15655479,8825676
15655480_15655521,15655480,15655521,11198299
15655522_15655563,15655522,15655563,8046675
15655564_15655604,15655564,15655604,8350851
15655605_15655618,15655605,15655618,7397797
15655619_15655619,15655619,15655619,23706974
15655620_15655620,15655620,15655620,21993964
15655621_15655621,15655621,15655621,24683144
15655622_15655622,15655622,15655622,22343104
15655623_15655623,15655623,15655623,22265078
15655624_15655624,15655624,15655624,21416727
15655625_15655625,15655625,15655625,22374396
15655626_15655626,15655626,15655626,23126801
15655627_15655642,15655627,15655642,16155734
15655643_15655684,15655643,15655684,8832605
15655685_15655715,15655685,15655715,13372328
15655716_15655753,15655716,15655753,10730358
15655754_15655778,15655754,15655778,13864326
15655779_15655785,15655779,15655785,1943136
15655786_15655786,15655786,15655786,21751676
15655787_15655787,15655787,15655787,21884308
15655788_15655788,15655788,15655788,23169270
15655789_15655789,15655789,15655789,19866877
15655790_15655790,15655790,15655790,21386606
15655791_15655791,15655791,15655791,23147947
15655792_15655792,15655792,15655792,20618178
15655793_15655793,15655793,15655793,22682434
15655794_15655794,15655794,15655794,22069754
15655795_15655807,15655795,15655807,3470617
15655808_15655808,15655808,15655808,22817151
15655809_15655809,15655809,15655809,22312171
15655810_15655810,15655810,15655810,22853414
15655811_15655811,15655811,15655811,20694098
15655812_15655812,15655812,15655812,20639350
15655813_15655850,15655813,15655850,10600746
15655851_15655887,15655851,15655887,11570372
15655888_15655925,15655888,15655925,11230768
15655926_15655963,15655926,15655963,10874084
15655964_15655981,15655964,15655981,5944801
15655982_15655982,15655982,15655982,20271610
15655983_15655983,15655983,15655983,23019342
15655984_15655984,15655984,15655984,21559273
15655985_15655985,15655985,15655985,22297581
15655986_15655986,15655986,15655986,20024099
15655987_15655987,15655987,15655987,21715358
15655988_15655988,15655988,15655988,21145897
15655989_15656004,15655989,15656004,11769567
15656005_15656005,15656005,15656005,21360242
15656006_15656031,15656006,15656031,16274643
15656032_15656067,15656032,15656067,12550482
15656068_15656109,15656068,15656109,7885092
15656110_15656134,15656110,15656134,12542897
15656135_15656170,15656135,15656170,10690194
15656171_15656192,15656171,15656192,16617427
15656193_15656227,15656193,15656227,10573904
15656228_15656264,15656228,15656264,9782958
15656265_15656294,15656265,15656294,11338220
15656295_15656330,15656295,15656330,11309572
15656331_15656334,15656331,15656334,2084335
15656335_15656335,15656335,15656335,21077468
15656336_15656336,15656336,15656336,22535620
15656337_15656337,15656337,15656337,22467669
15656338_15656338,15656338,15656338,21452255
15656339_15656339,15656339,15656339,21278225
15656340_15656340,15656340,15656340,20336685
15656341_15656341,15656341,15656341,19838842
15656342_15656342,15656342,15656342,20837123
15656343_15656343,15656343,15656343,19534397
15656344_15656377,15656344,15656377,14714002
15656378_15656419,15656378,15656419,8596102
15656420_15656439,15656420,15656439,10616096
15656440_15656440,15656440,15656440,22707774
15656441_15656441,15656441,15656441,21973149
15656442_15656442,15656442,15656442,22531167
15656443_15656443,15656443,15656443,21485301
15656444_15656444,15656444,15656444,20649182
15656445_15656445,15656445,15656445,21371053
15656446_15656446,15656446,15656446,23234087
15656447_15656447,15656447,15656447,21716695
15656448_15656448,15656448,15656448,20967935
15656449_15656489,15656449,15656489,9026303
15656490_15656513,15656490,15656513,12880239
15656514_15656514,15656514,15656514,20712553
15656515_15656515,15656515,15656515,21617699
15656516_15656516,15656516,15656516,23306331
15656517_15656517,15656517,15656517,20957152
15656518_15656518,15656518,15656518,22788841
15656519_15656519,15656519,15656519,20406330
15656520_15656520,15656520,15656520,23060317
15656521_15656521,15656521,15656521,21877832
15656522_15656522,15656522,15656522,22161761
15656523_15656548,15656523,15656548,15480203
15656549_15656586,15656549,15656586,11345556
15656587_15656630,15656587,15656630,6813361
15656631_15656668,15656631,15656668,10962774
15656669_15656695,15656669,15656695,13024118
15656696_15656709,15656696,15656709,6496559
15656710_15656710,15656710,15656710,20667491
15656711_15656711,15656711,15656711,24862936
15656712_15656712,15656712,15656712,20066913
15656713_15656713,15656713,15656713,19796934
15656714_15656714,15656714,15656714,22175970
15656715_15656715,15656715,15656715,23850255
15656716_15656716,15656716,15656716,19718405
15656717_15656717,15656717,15656717,20992667
15656718_15656718,15656718,15656718,21704622
15656719_15656751,15656719,15656751,13516256
15656752_15656782,15656752,15656782,11543123
15656783_15656783,15656783,15656783,24125078
15656784_15656784,15656784,15656784,22416846
15656785_15656785,15656785,15656785,22616246
15656786_15656786,15656786,15656786,21345434
15656787_15656787,15656787,15656787,22628090
15656788_15656788,15656788,15656788,21586371
15656789_15656789,15656789,15656789,20749000
15656790_15656811,15656790,15656811,16853836
15656812_15656850,15656812,15656850,9859366
15656851_15656865,15656851,15656865,3567132
15656866_15656866,15656866,15656866,22506094
15656867_15656867,15656867,15656867,24974018
15656868_15656868,15656868,15656868,16157210
15656869_15656869,15656869,15656869,21828895
15656870_15656870,15656870,15656870,22121858
15656871_15656880,15656871,15656880,18212182
15656881_15656923,15656881,15656923,7954137
15656924_15656963,15656924,15656963,9112495
15656964_15657000,15656964,15657000,11325256
15657001_15657009,15657001,15657009,3875704
15657010_15657010,15657010,15657010,23282748
15657011_15657011,15657011,15657011,20960546
15657012_15657012,15657012,15657012,21337791
15657013_15657013,15657013,15657013,21592483
15657014_15657014,15657014,15657014,19837325
15657015_15657015,15657015,15657015,19164865
15657016_15657016,15657016,15657016,20618919
15657017_15657036,15657017,15657036,16455770
15657037_15657063,15657037,15657063,12141534
15657064_15657096,15657064,15657096,11060749
15657097_15657137,15657097,15657137,10134962
15657138_15657178,15657138,15657178,9295504
15657179_15657216,15657179,15657216,9545021
15657217_15657258,15657217,15657258,7425622
15657259_15657300,15657259,15657300,7977748
15657301_15657317,15657301,15657317,12434534
15657318_15657318,15657318,15657318,19900627
15657319_15657319,15657319,15657319,22692914
15657320_15657320,15657320,15657320,22722870
15657321_15657321,15657321,15657321,21969600
15657322_15657322,15657322,15657322,19987204
15657323_15657323,15657323,15657323,20832790
15657324_15657324,15657324,15657324,20830633
15657325_15657325,15657325,15657325,22759730
15657326_15657326,15657326,15657326,22609750
15657327_15657343,15657327,15657343,16670139
15657344_15657379,15657344,15657379,9808845
15657380_15657414,15657380,15657414,9911711
15657415_15657449,15657415,15657449,10201864
15657450_15657488,15657450,15657488,8961847
15657489_15657507,15657489,15657507,8764300
15657508_15657508,15657508,15657508,22616039
15657509_15657509,15657509,15657509,22134872
15657510_15657510,15657510,15657510,21861244
15657511_15657511,15657511,15657511,22284418
15657512_15657512,15657512,15657512,22495155
15657513_15657513,15657513,15657513,22858946
15657514_15657514,15657514,15657514,21781237
15657515_15657515,15657515,15657515,21569568
15657516_15657516,15657516,15657516,17826108
15657517_15657550,15657517,15657550,11747676
15657551_15657579,15657551,15657579,14369045
15657580_15657606,15657580,15657606,14712317
15657607_15657618,15657607,15657618,7739907
15657619_15657619,15657619,15657619,21144304
15657620_15657620,15657620,15657620,22991184
15657621_15657621,15657621,15657621,22682399
15657622_15657622,15657622,15657622,18855827
15657623_15657623,15657623,15657623,20496629
15657624_15657624,15657624,15657624,21045073
15657625_15657644,15657625,15657644,18795833
15657645_15657677,15657645,15657677,11710338
15657678_15657710,15657678,15657710,11990670
15657711_15657724,15657711,15657724,7402249
15657725_15657725,15657725,15657725,23002462
15657726_15657726,15657726,15657726,21193094
15657727_15657727,15657727,15657727,23214808
15657728_15657728,15657728,15657728,20085208
15657729_15657729,15657729,15657729,19144241
15657730_15657742,15657730,15657742,13038887
15657743_15657759,15657743,15657759,19396648
15657760_15657802,15657760,15657802,6409082
15657803_15657818,15657803,15657818,1478582
15657819_15657819,15657819,15657819,21899073
15657820_15657820,15657820,15657820,21501122
15657821_15657830,15657821,15657830,8197386
15657831_15657833,15657831,15657833,19200780
15657834_15657869,15657834,15657869,10530509
15657870_15657906,15657870,15657906,9955284
15657907_15657914,15657907,15657914,4154390
15657915_15657915,15657915,15657915,20472952
15657916_15657916,15657916,15657916,21967547
15657917_15657917,15657917,15657917,21611264
15657918_15657918,15657918,15657918,18744785
15657919_15657919,15657919,15657919,20759035
15657920_15657960,15657920,15657960,10279997
15657961_15657995,15657961,15657995,10917280
15657996_15658029,15657996,15658029,10736621
15658030_15658057,15658030,15658057,12888943
15658058_15658061,15658058,15658061,1086259
15658062_15658062,15658062,15658062,20945357
15658063_15658063,15658063,15658063,22010934
15658064_15658064,15658064,15658064,23554723
15658065_15658065,15658065,15658065,21289715
15658066_15658066,15658066,15658066,18951687
15658067_15658104,15658067,15658104,11418893
15658105_15658118,15658105,15658118,7342722
15658119_15658119,15658119,15658119,21663670
15658120_15658120,15658120,15658120,18901597
15658121_15658145,15658121,15658145,15635928
15658146_15658162,15658146,15658162,16372050
15658163_15658197,15658163,15658197,9860811
15658198_15658208,15658198,15658208,6106693
15658209_15658209,15658209,15658209,22987695
15658210_15658210,15658210,15658210,23556568
15658211_15658245,15658211,15658245,12155917
15658246_15658287,15658246,15658287,8268644
15658288_15658327,15658288,15658327,9809705
15658328_15658368,15658328,15658368,7952270
15658369_15658394,15658369,15658394,14501603
15658395_15658412,15658395,15658412,17837040
15658413_15658455,15658413,15658455,7660183
15658456_15658485,15658456,15658485,12574655
15658486_15658492,15658486,15658492,3165664
15658493_15658493,15658493,15658493,21025227
15658494_15658494,15658494,15658494,22847309
15658495_15658495,15658495,15658495,18932013
15658496_15658496,15658496,15658496,20728737
15658497_15658497,15658497,15658497,21376012
15658498_15658498,15658498,15658498,21302882
15658499_15658499,15658499,15658499,22110821
15658500_15658500,15658500,15658500,21275212
15658501_15658501,15658501,15658501,20003088
15658502_15658525,15658502,15658525,11993639
15658526_15658539,15658526,15658539,13310038
15658540_15658574,15658540,15658574,10028439
15658575_15658600,15658575,15658600,13021576
15658601_15658628,15658601,15658628,13198977
15658629_15658654,15658629,15658654,14547392
15658655_15658690,15658655,15658690,9046164
15658691_15658714,15658691,15658714,17107146
15658715_15658743,15658715,15658743,15165686
15658744_15658767,15658744,15658767,12135986
15658768_15658799,15658768,15658799,13101090
15658800_15658835,15658800,15658835,9664449
15658836_15658869,15658836,15658869,10631085
15658870_15658902,15658870,15658902,13198856
15658903_15658914,15658903,15658914,20535336
15658915_15658915,15658915,15658915,20803722
15658916_15658916,15658916,15658916,23546936
15658917_15658917,15658917,15658917,20850787
15658918_15658918,15658918,15658918,24577112
15658919_15658919,15658919,15658919,22641657
15658920_15658920,15658920,15658920,21840134
15658921_15658921,15658921,15658921,21123145
15658922_15658922,15658922,15658922,22100133
15658923_15658923,15658923,15658923,19401550
15658924_15658939,15658924,15658939,12394249
15658940_15658940,15658940,15658940,21230489
15658941_15658941,15658941,15658941,21481211
15658942_15658942,15658942,15658942,22467618
15658943_15658943,15658943,15658943,20285832
15658944_15658944,15658944,15658944,23090061
15658945_15658945,15658945,15658945,20635837
15658946_15658946,15658946,15658946,21345351
15658947_15658947,15658947,15658947,19727357
15658948_15658948,15658948,15658948,21821672
15658949_15658964,15658949,15658964,10429422
15658965_15658965,15658965,15658965,22922921
15658966_15658966,15658966,15658966,22930959
15658967_15658967,15658967,15658967,21972449
15658968_15658985,15658968,15658985,15827801
15658986_15659015,15658986,15659015,11853320
15659016_15659047,15659016,15659047,11097269
15659048_15659076,15659048,15659076,11737131
15659077_15659106,15659077,15659106,11934849
