pie,campaign_position,within_first_64,within_first_128,steps,blocks,transactions,ec_ops,pedersen_ops,keccak_ops,adapted_bytes,adapted_sha256,h200_service_ingress_s,h200_service_cairo_prove_s,h200_service_circuit_wrap_s,h200_service_verify_publish_s,rtx5090_status,rtx5090_policy,rtx5090_cold_full_command_s,rtx5090_cold_input_to_cairo_proof_s,rtx5090_cold_ingress_s,rtx5090_cairo_proof_execute_decode_s,rtx5090_whole_device_peak_bytes,rtx5090_process_tree_rss_peak_bytes,rtx5090_cairo_proof_sha256,trace_s,preprocessed_commit_s,main_commit_s,relation_s,interaction_commit_s,constraint_s,composition_commit_s,oods_s,quotient_s,fri_s,post_fri_to_decommit_s,rtx5090_planned_arena_bytes,rtx5090_to_h200_cairo_proof_ratio,rtx5090_to_h200_ingress_plus_cairo_ratio,rtx5090_relation_plus_constraint_share
15653256_15653263,1,True,True,4174690,8,16,78,11794,0,93332824,0ab78c036d0622580c6b5d728fe3a4484f2344db610c27eeb7ce3232b10c4711,3.094519011,0.564099430,2.395463559,0.049005224,verified,"{""STWO_CUDA_COMPACT_DEVICE_PROFILE"": ""1""}",8.136682737,7.243604643,3.601939406,3.589289504,31664898048,6348181504,c47df0b1de79389b5a6690d6d34951474223bd5614f93d7f509798c194b4bbee,0.132799,1.536598,0.405926,0.403749,0.001213,0.886782,0.000134,0.157714,0.029964,0.010279,0.012297,33547846768,6.363,1.98,0.36
15655795_15655807,257,False,False,3470617,13,13,51,12539,0,78789620,a28a3513e8a6c2340f9350d24b2cc247eb69e7338ff1973992a94ab830de52d1,3.115247900,0.490100117,2.025401900,0.038067719,verified,"{""STWO_CUDA_COMPACT_DEVICE_PROFILE"": ""1""}",8.182687235,7.311695875,3.63920451,3.620032162,30993809408,6332252160,882d9b6fdf6998356b6de115a0894d6e9b59c48c3900716fa35f219db0ce3321,0.139277,1.579369,0.421444,0.430772,0.001207,0.870799,0.000129,0.118994,0.029127,0.010186,0.00661,33077181792,7.386,2.028,0.36
15654701_15654719,159,False,False,8526822,19,20,822,50656,0,174948504,53993e8440aeec4c16976422a0d1ac9131064d6b16e4d25e6c6dda2b76c634ef,0.716098629,0.778352969,0.993730432,2.134132496,verified,"{""STWO_CUDA_MANAGED_ARENA"": ""1"", ""STWO_CUDA_MANAGED_PLACEMENT"": ""capacity""}",221.366992269,218.337977959,3.635576419,214.649614799,19853737984,44531412992,2aada5c28e563e17ee488133f8c87df7338507f27d2ec29830f263cd25cf5461,26.554311,0.944622,3.51552,73.193822,13.859659,63.868304,0.000123,2.972702,2.283132,6.680469,20.757948,58256664000,275.774,146.099,0.639
15657380_15657414,384,False,False,9911711,35,34,102,50019,0,201304112,fcdecc19022e86a8288c7f5b2b6dd5faef12cae53ee1771f207f47d976a5111e,0.687847330,0.627267389,0.962448738,2.280034733,verified,"{""STWO_CUDA_MANAGED_ARENA"": ""1"", ""STWO_CUDA_MANAGED_PLACEMENT"": ""capacity""}",206.220420717,203.761448816,3.684923696,200.024601264,17974689792,36053114880,4d15767763ef19237e6015d3507d4d94a431109bfc81f5d27b235dc9879c75ce,23.309452,0.838175,2.831884,73.945843,13.076524,60.622895,0.000139,2.085185,2.082757,6.059092,15.154257,48084161984,318.883,154.938,0.673
15659077_15659106,512,False,False,11934849,30,39,141,59864,40,256543544,64fe22c36163733172ef20279263db55bbcb3221262e39a188c02c8008e02831,0.747248215,0.726634301,0.971879384,2.151507196,verified,"{""STWO_CUDA_MANAGED_ARENA"": ""1"", ""STWO_CUDA_MANAGED_PLACEMENT"": ""capacity""}",381.841071298,379.163927276,3.813357226,375.2876003,17303601152,42508537856,c82aea032b1a477003a3ca188bcf1c112fc0ed9a96a962f3fc74d386fce9528d,28.371731,0.963758,3.290559,96.465119,15.646699,78.67662,0.000137,2.240269,2.357551,6.679284,140.576494,53449881952,516.474,257.255,0.467
15658121_15658145,446,False,False,15635928,25,27,168,102653,32,327272132,45ac861591b7dc3cba824be1228984a2e74b9afca66226ecf3ed3b4269162b39,1.040087236,1.201900819,1.107180941,2.949160915,verified,"{""STWO_CUDA_MANAGED_ARENA"": ""1"", ""STWO_CUDA_MANAGED_PLACEMENT"": ""capacity""}",394.86654222,390.762718074,3.955391468,386.749940543,18645778432,67235598336,013ca71f51fb19702b98cad85ddc692aae73c4db44e0ea05a857b736748f5f8a,43.603592,0.99533,5.408718,128.317383,19.522271,104.169538,0.000128,3.447454,2.691873,6.693678,71.882145,78127303568,321.782,174.293,0.601
15654763_15654763,163,False,False,19892165,1,3,21,193820,0,393698488,43dd2ad8d1dda659f617c73b4f47ca122ef3285f6a66afab37f664fa2978b795,1.211706207,1.574320268,1.399004074,2.992086624,verified,"{""STWO_CUDA_MANAGED_ARENA"": ""1"", ""STWO_CUDA_MANAGED_PLACEMENT"": ""capacity""}",497.209154727,492.037845779,4.03255833,487.951246858,20927479808,87474380800,f2e35d6f27bf5f9dd63213503f49ec9d9de61102be0847255605937454b01abe,61.399798,0.927788,6.672528,170.735147,24.789051,133.73111,0.00013,4.526062,3.051248,6.705147,75.3943,99298602336,309.944,176.609,0.624
15655794_15655794,256,False,False,22069754,1,8,501,152644,0,428209136,ffe1e1727e5dc730b51aa0851b9e6bf348c64496a233be811cc509d9672b12be,0.904582872,1.201548320,0.978803982,2.894585592,verified,"{""STWO_CUDA_MANAGED_ARENA"": ""1"", ""STWO_CUDA_MANAGED_PLACEMENT"": ""capacity""}",334.924112728,330.863253974,3.974579302,326.834723209,18779996160,66179866624,207362d15e73a95ae30fa9c9a580cfed877aa041d57ff0fbb5ec247ee2f6d685,47.989667,0.890962,5.244211,107.736494,22.821361,95.906983,0.000157,2.759793,2.758564,6.649693,34.059286,76783248112,272.011,157.095,0.623
15656866_15656866,347,False,False,22506094,1,6,900,171008,0,439499228,fe85f4e0b529fbc69208c6422cbdc7db7fba5c77e8af09dd92807abbe82f2213,0.930940867,1.258170419,0.997111787,1.660239228,verified,"{""STWO_CUDA_MANAGED_ARENA"": ""1"", ""STWO_CUDA_MANAGED_PLACEMENT"": ""capacity""}",331.656974024,327.258342482,4.110218831,323.094131078,18914213888,70328750080,f5a04b1c7e45cf71ad437af14946da702126c36bbe33f72f3e17be4fd1389b98,52.977868,0.930064,5.368038,112.413899,23.897567,101.697104,0.000132,2.900732,2.819585,6.148181,13.921305,80947881760,256.797,149.494,0.663
15656520_15656520,317,False,False,23060317,1,5,834,183686,0,447770964,24fad830ab0e6aeeff83c1f72cc9e53f321b863eb67a774cd56efa715320c53a,1.054998155,1.681998721,0.963995311,2.781350329,verified,"{""STWO_CUDA_MANAGED_ARENA"": ""1"", ""STWO_CUDA_MANAGED_PLACEMENT"": ""capacity""}",479.441924092,473.630548858,3.981280692,469.596230478,21061697536,96440971264,acd86445c0d77ace5d32e0602be907010d52a5a99a634e78fd6f6f74f558572d,63.67346,1.0168,6.628114,186.141352,26.776116,152.59529,0.000138,5.099338,3.09296,6.60298,17.950205,108135669440,279.189,173.048,0.721
15654336_15654336,124,False,True,24801662,1,8,510,160514,0,474652348,cbebf660be209035367440ba1e05788e98867f663896ebc9095983c2b5e64d7c,0.933077942,1.203251389,1.101515584,1.739972468,verified,"{""STWO_CUDA_MANAGED_ARENA"": ""1"", ""STWO_CUDA_MANAGED_PLACEMENT"": ""capacity""}",324.350264333,319.933556938,4.053249323,315.826192774,18914213888,68140929024,e67c1b9f799bf141e166dd08c9b3cf58e3f0cdffc8ad16679f1d7b50cf0ef65f,49.061744,0.934173,5.256982,116.063101,22.975509,97.92717,0.000139,2.985664,2.67757,6.269206,11.655231,78642317616,262.477,149.759,0.678
15656867_15656867,348,False,False,24974018,1,8,633,158030,0,476786532,f5c0f3c5c8d5b354e13b01784f24483fb838c312ce32f29bd027151c5f3c318c,0.919730699,1.232290833,0.975538241,2.916964728,verified,"{""STWO_CUDA_MANAGED_ARENA"": ""1"", ""STWO_CUDA_MANAGED_PLACEMENT"": ""capacity""}",323.37926198,319.09770429,4.10097123,314.944198551,18914213888,69895147520,1332880838b715056863741cf9018add86a8f9a73d43095543902e8e419b263b,49.690654,0.875869,5.425969,119.582934,23.445572,100.198392,0.000131,3.025312,2.762497,6.569462,3.348639,80389938544,255.576,148.278,0.698
15656711_15656711,327,False,False,24862936,1,6,867,181093,0,478837204,ab355e99dbba1ffb0e7439e24b4b66fd7d18828da801cd8194b2c4a641d429a9,0.944107154,1.249628271,0.999308315,2.787352199,verified,"{""STWO_CUDA_MANAGED_ARENA"": ""1"", ""STWO_CUDA_MANAGED_PLACEMENT"": ""capacity""}",373.882929354,369.500280062,3.968164635,365.477470784,18914213888,70165790720,758fe06d3e0640d9fe070aa510be82dd7c4fe46fc1b3621ab25aa7ab40e4dc43,53.789748,0.959825,5.478092,121.893321,22.548076,101.17528,0.000132,3.060596,2.758337,6.646662,47.149511,80701366048,292.469,168.434,0.61
15657551_15657579,398,False,False,14369045,29,38,129,77571,40,307520028,76858e5bb9d01e7a3e53e5d9bc6ddb7a49017305f7a935620f7f9abd799e9da5,0.864395554,0.938699089,0.961374493,2.247467341,verified,"{""STWO_CUDA_MANAGED_ARENA"": ""1"", ""STWO_CUDA_MANAGED_PLACEMENT"": ""capacity""}",323.383750395,319.681919503,3.829181233,315.792912035,18108907520,62306496512,0424274a88f4d47596e9b60a5a5b03ac2f7837f711c28bfc7e2b525776993223,40.120304,0.982086,4.903666,113.011442,20.365388,87.791283,0.000142,3.813929,2.510436,6.672501,35.602718,73199839648,336.415,177.296,0.636
15653272_15653272,10,True,True,24636718,1,6,747,178034,0,474549452,dac52a5095ff008958870e2b570cb6a1500dc0282782065c73114305e2b87a44,1.161569634,1.250445341,0.975380395,3.026944851,verified,"{""STWO_CUDA_MANAGED_ARENA"": ""1"", ""STWO_CUDA_MANAGED_PLACEMENT"": ""capacity""}",389.910029323,385.478470526,4.023905296,381.402680065,18914213888,69890981888,71a0d986fd3267066e9c65514139d4a0126d21353785f97ae1ea4517c17e3433,50.598724,0.986213,5.980954,121.432772,23.268014,99.911336,0.000131,2.988736,2.680917,6.768989,66.76745,80390922096,305.013,159.816,0.58
