variant,pie,status,binary_sha256,source_head,source_diff_sha256,policy_env_json,full_command_s,ingress_s,proof_s,adapted_to_publication_s,device_peak_gib,host_rss_peak_gib,trace_generation_s,preprocessed_commit_s,main_commit_s,relation_s,interaction_commit_s,constraint_s,tail_s,proof_sha256,rust_verified,input_sha256,error
rtx5090-six-m-capacity-lookup70-maincoeff1-writer50-eval80,15557240_15557249,verified,251ee955a2b852aeb71b5760970acbe96d761f16e7841ed62fdb7e28ea88a173,dc5dcf5402367d6ff2829d4339b460b97ea21a14,7caf1fce80298af083ed329305446b9e85e127ebf595eaa0cbfd5ca55d450c11,"{""STWO_CAIRO_CUDA_PREPROCESSED_VARIANT"": ""canonical"", ""STWO_CUDA_CAPACITY_HBM_SLOT"": ""interaction_coefficients"", ""STWO_CUDA_CAPACITY_INTERACTION_EVAL_HOST_PERCENT"": ""80"", ""STWO_CUDA_CAPACITY_LOOKUP_HOST_PERCENT"": ""70"", ""STWO_CUDA_CAPACITY_MAIN_COEFF_HOST_PERCENT"": ""1"", ""STWO_CUDA_CAPACITY_PREFETCH_EVAL_REMAINDER"": ""1"", ""STWO_CUDA_CAPACITY_WRITER_SCRATCH_HOST_PERCENT"": ""50"", ""STWO_CUDA_MANAGED_ARENA"": ""1"", ""STWO_CUDA_MANAGED_PLACEMENT"": ""capacity""}",89.181790,3.677616,83.700159,87.431269,29.990234,19.099709,6.049803,0.673493,1.762062,40.864443,1.450412,26.668366,6.219084,edf5a2bf729324f0a251393f68ca35a8ebccdae8a4221894c7b6366cd5e7593c,true,92b71eee4ea2215bf866a69faa2ce82bf11d86f2a39fa326ffa095c095514bd7,
rtx5090-six-m-capacity-treesdevice-maincoeff1-maineval70-writer50-eval80,15557240_15557249,verified,37ebc0f19309ed2847a50f261091f58606fc9b06d60ffc01c92eefdff37358aa,dc5dcf5402367d6ff2829d4339b460b97ea21a14,2f1bd1fdda5b93b89401f3ae3c2b5b9c060953bb4501329f13ac61f9445cef5e,"{""STWO_CAIRO_CUDA_PREPROCESSED_VARIANT"": ""canonical"", ""STWO_CUDA_CAPACITY_HBM_SLOT"": ""interaction_coefficients"", ""STWO_CUDA_CAPACITY_INTERACTION_EVAL_HOST_PERCENT"": ""80"", ""STWO_CUDA_CAPACITY_MAIN_COEFF_HOST_PERCENT"": ""1"", ""STWO_CUDA_CAPACITY_MAIN_EVAL_HOST_PERCENT"": ""70"", ""STWO_CUDA_CAPACITY_PREFETCH_EVAL_REMAINDER"": ""1"", ""STWO_CUDA_CAPACITY_WRITER_SCRATCH_HOST_PERCENT"": ""50"", ""STWO_CUDA_MANAGED_ARENA"": ""1"", ""STWO_CUDA_MANAGED_PLACEMENT"": ""capacity""}",107.928556,3.724344,102.488426,106.271742,29.240234,19.794903,7.642814,0.710888,2.097649,29.614659,1.648650,30.922204,29.832030,edf5a2bf729324f0a251393f68ca35a8ebccdae8a4221894c7b6366cd5e7593c,true,92b71eee4ea2215bf866a69faa2ce82bf11d86f2a39fa326ffa095c095514bd7,
rtx5090-six-m-capacity-treesdevice-maincoeff1-writer50-eval80,15557240_15557249,verified,37ebc0f19309ed2847a50f261091f58606fc9b06d60ffc01c92eefdff37358aa,dc5dcf5402367d6ff2829d4339b460b97ea21a14,2f1bd1fdda5b93b89401f3ae3c2b5b9c060953bb4501329f13ac61f9445cef5e,"{""STWO_CAIRO_CUDA_PREPROCESSED_VARIANT"": ""canonical"", ""STWO_CUDA_CAPACITY_HBM_SLOT"": ""interaction_coefficients"", ""STWO_CUDA_CAPACITY_INTERACTION_EVAL_HOST_PERCENT"": ""80"", ""STWO_CUDA_CAPACITY_MAIN_COEFF_HOST_PERCENT"": ""1"", ""STWO_CUDA_CAPACITY_PREFETCH_EVAL_REMAINDER"": ""1"", ""STWO_CUDA_CAPACITY_WRITER_SCRATCH_HOST_PERCENT"": ""50"", ""STWO_CUDA_MANAGED_ARENA"": ""1"", ""STWO_CUDA_MANAGED_PLACEMENT"": ""capacity""}",117.588472,3.769176,111.798263,115.619995,26.740234,22.353577,7.727993,0.689836,2.531332,40.768822,1.700290,29.374069,28.986395,edf5a2bf729324f0a251393f68ca35a8ebccdae8a4221894c7b6366cd5e7593c,true,92b71eee4ea2215bf866a69faa2ce82bf11d86f2a39fa326ffa095c095514bd7,
rtx5090-six-m-capacity-treesdevice-writer50-eval80,15557240_15557249,verified,37ebc0f19309ed2847a50f261091f58606fc9b06d60ffc01c92eefdff37358aa,dc5dcf5402367d6ff2829d4339b460b97ea21a14,2f1bd1fdda5b93b89401f3ae3c2b5b9c060953bb4501329f13ac61f9445cef5e,"{""STWO_CAIRO_CUDA_PREPROCESSED_VARIANT"": ""canonical"", ""STWO_CUDA_CAPACITY_HBM_SLOT"": ""interaction_coefficients"", ""STWO_CUDA_CAPACITY_INTERACTION_EVAL_HOST_PERCENT"": ""80"", ""STWO_CUDA_CAPACITY_PREFETCH_EVAL_REMAINDER"": ""1"", ""STWO_CUDA_CAPACITY_WRITER_SCRATCH_HOST_PERCENT"": ""50"", ""STWO_CUDA_MANAGED_ARENA"": ""1"", ""STWO_CUDA_MANAGED_PLACEMENT"": ""capacity""}",149.604290,3.679243,143.811641,147.543897,22.490234,26.569740,9.588431,0.734048,2.846058,66.674237,1.650831,31.260842,31.037575,edf5a2bf729324f0a251393f68ca35a8ebccdae8a4221894c7b6366cd5e7593c,true,92b71eee4ea2215bf866a69faa2ce82bf11d86f2a39fa326ffa095c095514bd7,
rtx5090-six-m-capacity-writer50-eval80,15557240_15557249,verified,37ebc0f19309ed2847a50f261091f58606fc9b06d60ffc01c92eefdff37358aa,dc5dcf5402367d6ff2829d4339b460b97ea21a14,2f1bd1fdda5b93b89401f3ae3c2b5b9c060953bb4501329f13ac61f9445cef5e,"{""STWO_CAIRO_CUDA_PREPROCESSED_VARIANT"": ""canonical"", ""STWO_CUDA_CAPACITY_HBM_SLOT"": ""interaction_coefficients"", ""STWO_CUDA_CAPACITY_INTERACTION_EVAL_HOST_PERCENT"": ""80"", ""STWO_CUDA_CAPACITY_PREFETCH_EVAL_REMAINDER"": ""1"", ""STWO_CUDA_CAPACITY_WRITER_SCRATCH_HOST_PERCENT"": ""50"", ""STWO_CUDA_HOST_PREPROCESSED_HASHES"": ""1"", ""STWO_CUDA_HOST_TRACE_HASHES"": ""1"", ""STWO_CUDA_MANAGED_ARENA"": ""1"", ""STWO_CUDA_MANAGED_PLACEMENT"": ""capacity""}",152.666803,3.791092,146.302425,150.145686,16.490234,31.574261,9.704612,1.781459,3.454682,66.510199,1.860572,31.358381,31.613690,edf5a2bf729324f0a251393f68ca35a8ebccdae8a4221894c7b6366cd5e7593c,true,92b71eee4ea2215bf866a69faa2ce82bf11d86f2a39fa326ffa095c095514bd7,
rtx5090-five-m-all-hashes-maincoeff10-tail,15563360_15563369,verified,3d135cf5fe837a5b560641643dc099219cfdd19eeb738dea59ec8a9d45e6dff7,dc5dcf5402367d6ff2829d4339b460b97ea21a14,cba6d43b3a0477520842531f61211bb767c6e434511028526dcecda31884c290,"{""STWO_CAIRO_CUDA_PREPROCESSED_VARIANT"": ""canonical"", ""STWO_CUDA_HOST_MAIN_COEFF_PERCENT"": ""10"", ""STWO_CUDA_HOST_PREPROCESSED_HASHES"": ""1"", ""STWO_CUDA_HOST_TRACE_HASHES"": ""1"", ""STWO_CUDA_MANAGED_ARENA"": ""force"", ""STWO_CUDA_SELECTIVE_HOST_TAIL"": ""1""}",14.704623,3.745608,9.701696,13.500789,31.117188,9.290218,2.448240,1.732565,0.780495,2.942098,0.645467,0.941109,0.199426,7ddd6f9ce107c224f5823f4ee7535533c96327e61778118cfe74c39400b56f81,true,c21cdd847a35368254bdb7c0041eb23d9d15e1bc67883c2adbab7a12874d2470,
rtx5090-five-m-all-hashes-maincoeff15-tail,15563360_15563369,verified,3d135cf5fe837a5b560641643dc099219cfdd19eeb738dea59ec8a9d45e6dff7,dc5dcf5402367d6ff2829d4339b460b97ea21a14,cba6d43b3a0477520842531f61211bb767c6e434511028526dcecda31884c290,"{""STWO_CAIRO_CUDA_PREPROCESSED_VARIANT"": ""canonical"", ""STWO_CUDA_HOST_MAIN_COEFF_PERCENT"": ""15"", ""STWO_CUDA_HOST_PREPROCESSED_HASHES"": ""1"", ""STWO_CUDA_HOST_TRACE_HASHES"": ""1"", ""STWO_CUDA_MANAGED_ARENA"": ""force"", ""STWO_CUDA_SELECTIVE_HOST_TAIL"": ""1""}",14.836006,3.797463,9.821168,13.674196,30.992188,9.442612,2.282829,1.800164,0.769915,3.153874,0.645074,0.937718,0.219327,7ddd6f9ce107c224f5823f4ee7535533c96327e61778118cfe74c39400b56f81,true,c21cdd847a35368254bdb7c0041eb23d9d15e1bc67883c2adbab7a12874d2470,
rtx5090-five-m-all-hashes-maincoeff20-tail,15563360_15563369,verified,3d135cf5fe837a5b560641643dc099219cfdd19eeb738dea59ec8a9d45e6dff7,dc5dcf5402367d6ff2829d4339b460b97ea21a14,cba6d43b3a0477520842531f61211bb767c6e434511028526dcecda31884c290,"{""STWO_CAIRO_CUDA_PREPROCESSED_VARIANT"": ""canonical"", ""STWO_CUDA_HOST_MAIN_COEFF_PERCENT"": ""20"", ""STWO_CUDA_HOST_PREPROCESSED_HASHES"": ""1"", ""STWO_CUDA_HOST_TRACE_HASHES"": ""1"", ""STWO_CUDA_MANAGED_ARENA"": ""force"", ""STWO_CUDA_SELECTIVE_HOST_TAIL"": ""1""}",16.401053,3.736562,11.282839,15.074326,30.867188,9.591881,2.241673,1.763844,0.758289,4.670656,0.670191,0.934190,0.230237,7ddd6f9ce107c224f5823f4ee7535533c96327e61778118cfe74c39400b56f81,true,c21cdd847a35368254bdb7c0041eb23d9d15e1bc67883c2adbab7a12874d2470,
rtx5090-five-m-all-hashes-maincoeff22-tail,15563360_15563369,verified,3d135cf5fe837a5b560641643dc099219cfdd19eeb738dea59ec8a9d45e6dff7,dc5dcf5402367d6ff2829d4339b460b97ea21a14,cba6d43b3a0477520842531f61211bb767c6e434511028526dcecda31884c290,"{""STWO_CAIRO_CUDA_PREPROCESSED_VARIANT"": ""canonical"", ""STWO_CUDA_HOST_MAIN_COEFF_PERCENT"": ""22"", ""STWO_CUDA_HOST_PREPROCESSED_HASHES"": ""1"", ""STWO_CUDA_HOST_TRACE_HASHES"": ""1"", ""STWO_CUDA_MANAGED_ARENA"": ""force"", ""STWO_CUDA_SELECTIVE_HOST_TAIL"": ""1""}",17.027110,3.681881,11.888589,15.624712,30.742188,9.658436,2.282718,1.762115,0.803260,5.191273,0.664256,0.939306,0.232616,7ddd6f9ce107c224f5823f4ee7535533c96327e61778118cfe74c39400b56f81,true,c21cdd847a35368254bdb7c0041eb23d9d15e1bc67883c2adbab7a12874d2470,
rtx5090-five-m-all-hashes-maincoeff25-tail,15563360_15563369,verified,aa2799cf9cc0282b7a6f140434cc5bd665bf43bd08c21f81fc305dd53fcde23d,dc5dcf5402367d6ff2829d4339b460b97ea21a14,400d3489fa9c41e0ab3b0b0fd0d10a77ad8c39ef28504c136653e0d99befcd3e,"{""STWO_CAIRO_CUDA_PREPROCESSED_VARIANT"": ""canonical"", ""STWO_CUDA_HOST_MAIN_COEFF_PERCENT"": ""25"", ""STWO_CUDA_HOST_PREPROCESSED_HASHES"": ""1"", ""STWO_CUDA_HOST_TRACE_HASHES"": ""1"", ""STWO_CUDA_MANAGED_ARENA"": ""force"", ""STWO_CUDA_SELECTIVE_HOST_TAIL"": ""1""}",17.264540,3.701928,12.379235,16.134565,30.617188,9.762188,2.284430,1.764210,0.773031,5.718637,0.674585,0.913212,0.238674,7ddd6f9ce107c224f5823f4ee7535533c96327e61778118cfe74c39400b56f81,true,c21cdd847a35368254bdb7c0041eb23d9d15e1bc67883c2adbab7a12874d2470,
rtx5090-five-m-all-hashes-maincoeff5-tail-repeat2,15563360_15563369,verified,3d135cf5fe837a5b560641643dc099219cfdd19eeb738dea59ec8a9d45e6dff7,dc5dcf5402367d6ff2829d4339b460b97ea21a14,cba6d43b3a0477520842531f61211bb767c6e434511028526dcecda31884c290,"{""STWO_CAIRO_CUDA_PREPROCESSED_VARIANT"": ""canonical"", ""STWO_CUDA_HOST_MAIN_COEFF_PERCENT"": ""5"", ""STWO_CUDA_HOST_PREPROCESSED_HASHES"": ""1"", ""STWO_CUDA_HOST_TRACE_HASHES"": ""1"", ""STWO_CUDA_MANAGED_ARENA"": ""force"", ""STWO_CUDA_SELECTIVE_HOST_TAIL"": ""1""}",13.034417,3.735186,7.970465,11.758889,31.242188,9.138817,2.131138,1.728286,0.787222,1.553857,0.665716,0.904790,0.187826,7ddd6f9ce107c224f5823f4ee7535533c96327e61778118cfe74c39400b56f81,true,c21cdd847a35368254bdb7c0041eb23d9d15e1bc67883c2adbab7a12874d2470,
rtx5090-five-m-all-hashes-maincoeff50,15563360_15563369,verified,fc7baaf91f04092199080c5c4c37f94357cbf762f0533afd4db4d21ce956fe4c,dc5dcf5402367d6ff2829d4339b460b97ea21a14,8078a5bd689e1bdcdbaa6fcbbfea42f0671a2d0d21e4e39f8297840aa128a178,"{""STWO_CAIRO_CUDA_PREPROCESSED_VARIANT"": ""canonical"", ""STWO_CUDA_HOST_MAIN_COEFF_PERCENT"": ""50"", ""STWO_CUDA_HOST_PREPROCESSED_HASHES"": ""1"", ""STWO_CUDA_HOST_TRACE_HASHES"": ""1"", ""STWO_CUDA_MANAGED_ARENA"": ""force""}",21.962355,3.746038,16.935085,20.734217,29.867188,10.509026,2.424865,1.735589,0.732188,10.035634,0.754792,0.927633,0.312683,7ddd6f9ce107c224f5823f4ee7535533c96327e61778118cfe74c39400b56f81,true,c21cdd847a35368254bdb7c0041eb23d9d15e1bc67883c2adbab7a12874d2470,
rtx5090-five-m-all-hashes-writer-host,15563360_15563369,verified,aa2799cf9cc0282b7a6f140434cc5bd665bf43bd08c21f81fc305dd53fcde23d,dc5dcf5402367d6ff2829d4339b460b97ea21a14,400d3489fa9c41e0ab3b0b0fd0d10a77ad8c39ef28504c136653e0d99befcd3e,"{""STWO_CAIRO_CUDA_PREPROCESSED_VARIANT"": ""canonical"", ""STWO_CUDA_HOST_PREPROCESSED_HASHES"": ""1"", ""STWO_CUDA_HOST_TRACE_HASHES"": ""1"", ""STWO_CUDA_MANAGED_ARENA"": ""force""}",32.906977,3.720756,27.705861,31.480448,28.990234,11.446373,9.680400,1.851107,0.809313,13.396768,0.663185,1.069577,0.223299,7ddd6f9ce107c224f5823f4ee7535533c96327e61778118cfe74c39400b56f81,true,c21cdd847a35368254bdb7c0041eb23d9d15e1bc67883c2adbab7a12874d2470,
rtx5090-five-m-capacity-interaction-hbm,15563360_15563369,verified,fa9b4849db31a9864cddf8bb36867020451f2912eb53dc773d0397f838bd1a5b,dc5dcf5402367d6ff2829d4339b460b97ea21a14,8780f50a8cafc86386a441e45ef622dc287458d2f14396b0121af701377c1307,"{""STWO_CAIRO_CUDA_PREPROCESSED_VARIANT"": ""canonical"", ""STWO_CUDA_CAPACITY_HBM_SLOT"": ""interaction_coefficients"", ""STWO_CUDA_HOST_PREPROCESSED_HASHES"": ""1"", ""STWO_CUDA_HOST_TRACE_HASHES"": ""1"", ""STWO_CUDA_MANAGED_ARENA"": ""force"", ""STWO_CUDA_MANAGED_PLACEMENT"": ""capacity""}",108.458218,3.646529,102.673034,106.373450,15.240234,24.826225,13.822263,1.757268,2.232285,49.686952,1.828507,25.733621,7.599516,7ddd6f9ce107c224f5823f4ee7535533c96327e61778118cfe74c39400b56f81,true,c21cdd847a35368254bdb7c0041eb23d9d15e1bc67883c2adbab7a12874d2470,
rtx5090-preprocessed-profile-2m,15567390_15567399,verified,261fdaeb69012fdcf6cd578f4587d63467421f2bc05a3a180d2fa726f1a21356,dc5dcf5402367d6ff2829d4339b460b97ea21a14,18b6ea5c8c76d45a653795e6faaffb94b0ce75b6a335f606e46d3384ccfb75db,"{""STWO_CAIRO_CUDA_PREPROCESSED_VARIANT"": ""canonical"", ""STWO_CUDA_COMPACT_DEVICE_PROFILE"": ""1""}",4.073225,3.008246,0.401566,3.462692,28.363281,2.801453,,,,,,,,2fa24723c44231d7c065d7befc81853f35b87d4e643109910510d9bb12913fe1,true,b7b40fc32068e6b7a223a33a44b36315b14ee0c01e0fa77fcb4af582700b16db,
rtx5090-four-m-final-default-prefetch,15574540_15574549,verified,49c8f5702be30217f0293ad97085ef05c4333175c1ea0387a38095c612c89447,dc5dcf5402367d6ff2829d4339b460b97ea21a14,d7e281b3335c8d81488dcdff187dfb2a2defd8c90ac8ac0b52eab0712a27a71b,"{""STWO_CAIRO_CUDA_PREPROCESSED_VARIANT"": ""canonical"", ""STWO_CUDA_COMPACT_DEVICE_PROFILE"": ""1""}",8.154340,3.581963,3.591455,7.226059,29.490234,5.896591,0.130879,1.529026,0.445537,0.387441,0.001198,0.876239,0.209077,0d74ce722cfdadc65b046057fcef2a5a2da52d9fccc74fd85b69154b8cc90a39,true,d909067e76d12ca0943aac133be98457640210728155392ffe56d4c26fa6e58c,
rtx5090-medium-capacity-interaction,15574540_15574549,verified,,,,{},147.638780,3.569142,142.626164,146.248502,16.740234,19.126869,11.744365,0.776903,1.237171,29.012704,1.353008,23.457106,75.024360,0d74ce722cfdadc65b046057fcef2a5a2da52d9fccc74fd85b69154b8cc90a39,true,d909067e76d12ca0943aac133be98457640210728155392ffe56d4c26fa6e58c,
rtx5090-medium-host-preprocessed-merkle-repeat2,15574540_15574549,verified,df49029997260dd2ef9c400865a105d1fc7790b8a7efc0280125a12c9ef36743,dc5dcf5402367d6ff2829d4339b460b97ea21a14,39eb541bc3f5e953bc0cebed08e639c14208f0d07416e0d45ab216b4aca281df,"{""STWO_CAIRO_CUDA_PREPROCESSED_VARIANT"": ""canonical"", ""STWO_CUDA_HOST_PREPROCESSED_HASHES"": ""1"", ""STWO_CUDA_MANAGED_ARENA"": ""1""}",10.041226,3.565158,5.499364,9.117550,28.490234,6.896633,1.683345,1.667256,0.630850,0.416247,0.001178,0.878644,0.209308,0d74ce722cfdadc65b046057fcef2a5a2da52d9fccc74fd85b69154b8cc90a39,true,d909067e76d12ca0943aac133be98457640210728155392ffe56d4c26fa6e58c,
rtx5090-pedersen-final-default-prefetch-profile,15574910_15574919,verified,49c8f5702be30217f0293ad97085ef05c4333175c1ea0387a38095c612c89447,dc5dcf5402367d6ff2829d4339b460b97ea21a14,d7e281b3335c8d81488dcdff187dfb2a2defd8c90ac8ac0b52eab0712a27a71b,"{""STWO_CAIRO_CUDA_PREPROCESSED_VARIANT"": ""canonical"", ""STWO_CUDA_COMPACT_DEVICE_PROFILE"": ""1""}",8.422800,3.553349,3.748782,7.359071,29.990234,5.880039,0.133210,1.551490,0.443091,0.465610,0.001185,0.926970,0.214001,2157ac5287878e82ab29d16539897b6abeba162c6db6ee1827fdc8944106a632,true,2c39574c1f068a00d8162afb6ac66540afda8afe9592a538072ad15f2cc52e1a,
rtx5090-pedersen-forced-managed-merkle,15574910_15574919,verified,fa9b4849db31a9864cddf8bb36867020451f2912eb53dc773d0397f838bd1a5b,dc5dcf5402367d6ff2829d4339b460b97ea21a14,8780f50a8cafc86386a441e45ef622dc287458d2f14396b0121af701377c1307,"{""STWO_CAIRO_CUDA_PREPROCESSED_VARIANT"": ""canonical"", ""STWO_CUDA_HOST_PREPROCESSED_HASHES"": ""1"", ""STWO_CUDA_MANAGED_ARENA"": ""force""}",10.872521,3.706284,6.045526,9.805505,28.990234,6.881012,1.959433,1.855197,0.553460,0.510286,0.001130,0.942535,0.211608,2157ac5287878e82ab29d16539897b6abeba162c6db6ee1827fdc8944106a632,true,2c39574c1f068a00d8162afb6ac66540afda8afe9592a538072ad15f2cc52e1a,
rtx5090-capacity-tree-eval85,15582797_15582797,verified,1adb8c124d743dc79f437f31800fe9e7d5b8123e148a9c7d6a01a629d38941a7,dc5dcf5402367d6ff2829d4339b460b97ea21a14,9bd0cbbf46b71299663a35c01367ba982e951bc7340459059c4723dc7859c7bf,"{""STWO_CAIRO_CUDA_PREPROCESSED_VARIANT"": ""canonical"", ""STWO_CUDA_CAPACITY_HBM_SLOT"": ""interaction_coefficients"", ""STWO_CUDA_CAPACITY_INTERACTION_EVAL_HOST_PERCENT"": ""85"", ""STWO_CUDA_HOST_PREPROCESSED_HASHES"": ""1"", ""STWO_CUDA_MANAGED_ARENA"": ""1"", ""STWO_CUDA_MANAGED_PLACEMENT"": ""capacity""}",319.593214,3.944451,310.509866,314.517365,23.240234,66.905350,54.547612,2.173939,6.386143,134.507583,4.326383,93.236137,15.312563,fcc457fee3bcaca85efd97d308daa1a16e849c633b4571144417543158eb1eeb,true,319b538ff50ad8e04735886a7844de300198194a4cc2128dcb57bc625ec4e4cb,
rtx5090-capacity-writer50-alltrees-eval80prefetch,15582797_15582797,verified,37ebc0f19309ed2847a50f261091f58606fc9b06d60ffc01c92eefdff37358aa,dc5dcf5402367d6ff2829d4339b460b97ea21a14,2f1bd1fdda5b93b89401f3ae3c2b5b9c060953bb4501329f13ac61f9445cef5e,"{""STWO_CAIRO_CUDA_PREPROCESSED_VARIANT"": ""canonical"", ""STWO_CUDA_CAPACITY_HBM_SLOT"": ""interaction_coefficients"", ""STWO_CUDA_CAPACITY_INTERACTION_EVAL_HOST_PERCENT"": ""80"", ""STWO_CUDA_CAPACITY_PREFETCH_EVAL_REMAINDER"": ""1"", ""STWO_CUDA_CAPACITY_WRITER_SCRATCH_HOST_PERCENT"": ""50"", ""STWO_CUDA_HOST_PREPROCESSED_HASHES"": ""1"", ""STWO_CUDA_HOST_TRACE_HASHES"": ""1"", ""STWO_CUDA_MANAGED_ARENA"": ""1"", ""STWO_CUDA_MANAGED_PLACEMENT"": ""capacity""}",279.241717,4.027762,270.496446,274.576717,30.367188,67.861385,22.097280,1.885565,7.562305,138.168476,4.513336,79.628500,16.621618,fcc457fee3bcaca85efd97d308daa1a16e849c633b4571144417543158eb1eeb,true,319b538ff50ad8e04735886a7844de300198194a4cc2128dcb57bc625ec4e4cb,
rtx5090-capacity-writer50-alltrees-eval90prefetch,15582797_15582797,verified,37ebc0f19309ed2847a50f261091f58606fc9b06d60ffc01c92eefdff37358aa,dc5dcf5402367d6ff2829d4339b460b97ea21a14,155776509136389a1680cff2e6e1201e42d3924bc0f1a247407146ffc59a012f,"{""STWO_CAIRO_CUDA_PREPROCESSED_VARIANT"": ""canonical"", ""STWO_CUDA_CAPACITY_HBM_SLOT"": ""interaction_coefficients"", ""STWO_CUDA_CAPACITY_INTERACTION_EVAL_HOST_PERCENT"": ""90"", ""STWO_CUDA_CAPACITY_PREFETCH_EVAL_REMAINDER"": ""1"", ""STWO_CUDA_CAPACITY_WRITER_SCRATCH_HOST_PERCENT"": ""50"", ""STWO_CUDA_HOST_PREPROCESSED_HASHES"": ""1"", ""STWO_CUDA_HOST_TRACE_HASHES"": ""1"", ""STWO_CUDA_MANAGED_ARENA"": ""1"", ""STWO_CUDA_MANAGED_PLACEMENT"": ""capacity""}",282.791270,3.952745,274.032473,278.037899,28.367188,67.857582,21.756829,1.874919,7.548100,135.920776,4.736744,85.752689,16.422102,fcc457fee3bcaca85efd97d308daa1a16e849c633b4571144417543158eb1eeb,true,319b538ff50ad8e04735886a7844de300198194a4cc2128dcb57bc625ec4e4cb,
rtx5090-highram-baseline,15582797_15582797,verified,,,,{},380.145865,3.958862,371.362798,375.382171,17.615234,72.625168,54.692868,1.075690,6.058049,139.899158,24.541521,127.415857,17.659556,fcc457fee3bcaca85efd97d308daa1a16e849c633b4571144417543158eb1eeb,true,319b538ff50ad8e04735886a7844de300198194a4cc2128dcb57bc625ec4e4cb,
rtx5090-relation-window,15582797_15582797,verified,,,,{},318.783004,3.927403,310.422171,314.401990,27.242188,62.927834,55.225305,1.071588,5.941486,134.624584,4.671752,92.401795,16.466080,fcc457fee3bcaca85efd97d308daa1a16e849c633b4571144417543158eb1eeb,true,319b538ff50ad8e04735886a7844de300198194a4cc2128dcb57bc625ec4e4cb,
rtx5090-pedersen22m-capacity-safe,15590913_15590913,verified,251ee955a2b852aeb71b5760970acbe96d761f16e7841ed62fdb7e28ea88a173,dc5dcf5402367d6ff2829d4339b460b97ea21a14,7caf1fce80298af083ed329305446b9e85e127ebf595eaa0cbfd5ca55d450c11,"{""STWO_CAIRO_CUDA_PREPROCESSED_VARIANT"": ""canonical"", ""STWO_CUDA_CAPACITY_WRITER_SCRATCH_HOST_PERCENT"": ""50"", ""STWO_CUDA_HOST_PREPROCESSED_HASHES"": ""1"", ""STWO_CUDA_HOST_TRACE_HASHES"": ""1"", ""STWO_CUDA_MANAGED_ARENA"": ""1"", ""STWO_CUDA_MANAGED_PLACEMENT"": ""capacity""}",429.487200,4.121382,419.422873,423.597427,18.740234,91.370121,26.506580,1.882281,8.540181,177.835259,26.661375,137.325876,40.651547,23ef11f1f7bbf0b31d6ede197bd67d2548975b951283c4cedc0fb6148e443af9,true,9d503fa0c6c818d8de84d3d71208df641bb62ec93e480687252128f698294bc3,
rtx5090-pedersen22m-interactioncoeff1,15590913_15590913,verified,d03f79d01681492560467243cf78a26bb09bd3ff7627a4b6f77f09be78ed0911,dc5dcf5402367d6ff2829d4339b460b97ea21a14,aabe63d093569fa898ca61c850d2886fbdee0d7d9dc249acbdf3e5b5992d881e,"{""STWO_CAIRO_CUDA_PREPROCESSED_VARIANT"": ""canonical"", ""STWO_CUDA_CAPACITY_INTERACTION_COEFF_HOST_PERCENT"": ""1"", ""STWO_CUDA_CAPACITY_WRITER_SCRATCH_HOST_PERCENT"": ""50"", ""STWO_CUDA_HOST_PREPROCESSED_HASHES"": ""1"", ""STWO_CUDA_HOST_TRACE_HASHES"": ""1"", ""STWO_CUDA_MANAGED_ARENA"": ""1"", ""STWO_CUDA_MANAGED_PLACEMENT"": ""capacity""}",325.931643,4.021495,316.262389,320.337503,30.367188,79.777355,25.768749,1.847417,8.041426,173.651767,6.633029,61.503618,38.797908,23ef11f1f7bbf0b31d6ede197bd67d2548975b951283c4cedc0fb6148e443af9,true,9d503fa0c6c818d8de84d3d71208df641bb62ec93e480687252128f698294bc3,
rtx5090-pedersen22m-interactioncoeff25,15590913_15590913,verified,d03f79d01681492560467243cf78a26bb09bd3ff7627a4b6f77f09be78ed0911,dc5dcf5402367d6ff2829d4339b460b97ea21a14,aabe63d093569fa898ca61c850d2886fbdee0d7d9dc249acbdf3e5b5992d881e,"{""STWO_CAIRO_CUDA_PREPROCESSED_VARIANT"": ""canonical"", ""STWO_CUDA_CAPACITY_INTERACTION_COEFF_HOST_PERCENT"": ""25"", ""STWO_CUDA_CAPACITY_WRITER_SCRATCH_HOST_PERCENT"": ""50"", ""STWO_CUDA_HOST_PREPROCESSED_HASHES"": ""1"", ""STWO_CUDA_HOST_TRACE_HASHES"": ""1"", ""STWO_CUDA_MANAGED_ARENA"": ""1"", ""STWO_CUDA_MANAGED_PLACEMENT"": ""capacity""}",353.460518,4.086565,343.655330,347.794914,27.492188,82.587914,25.962820,1.768427,8.134293,176.114768,15.590574,76.526882,39.540726,23ef11f1f7bbf0b31d6ede197bd67d2548975b951283c4cedc0fb6148e443af9,true,9d503fa0c6c818d8de84d3d71208df641bb62ec93e480687252128f698294bc3,
rtx5090-boundary-forced-managed-merkle-v2,15608951_15608963,verified,fa9b4849db31a9864cddf8bb36867020451f2912eb53dc773d0397f838bd1a5b,dc5dcf5402367d6ff2829d4339b460b97ea21a14,8780f50a8cafc86386a441e45ef622dc287458d2f14396b0121af701377c1307,"{""STWO_CAIRO_CUDA_PREPROCESSED_VARIANT"": ""canonical"", ""STWO_CUDA_HOST_PREPROCESSED_HASHES"": ""1"", ""STWO_CUDA_MANAGED_ARENA"": ""force""}",10.105155,3.629703,5.500583,9.183722,27.365234,6.826344,1.572469,1.727347,0.635735,0.481612,0.001368,0.870293,0.196241,76e224838a6b74695aab566f5a5de6391568cd9e8c82acda63039133ca23ffb5,true,5889743d46cd5cbd2774d408fbae0d1a7e183b43a45e957174033b735dddf89e,
rtx5090-ec-prefetch-trace-late75,15608951_15608963,verified,eeb2368480b4b0ad1292a953c7c2c552a7163dba79a22578f52748772e050bd1,dc5dcf5402367d6ff2829d4339b460b97ea21a14,821ce75924454320792cabd730d497abcc7a728f02d7c02b1b87ca78f9e02cf3,"{""STWO_CAIRO_CUDA_PREPROCESSED_VARIANT"": ""canonical"", ""STWO_CUDA_COMPACT_DEVICE_PROFILE"": ""1"", ""STWO_CUDA_COMPACT_PREFETCH_TRACE"": ""1"", ""STWO_CUDA_COMPACT_PREPROCESSED_HASH_LATE"": ""1""}",8.162096,3.587940,3.490420,7.132346,31.355469,5.826332,0.124758,0.735811,1.143410,0.424632,0.001331,0.852003,0.195707,76e224838a6b74695aab566f5a5de6391568cd9e8c82acda63039133ca23ffb5,true,5889743d46cd5cbd2774d408fbae0d1a7e183b43a45e957174033b735dddf89e,
rtx5090-ec-prefetch-trace-r3,15608951_15608963,verified,eeb2368480b4b0ad1292a953c7c2c552a7163dba79a22578f52748772e050bd1,dc5dcf5402367d6ff2829d4339b460b97ea21a14,821ce75924454320792cabd730d497abcc7a728f02d7c02b1b87ca78f9e02cf3,"{""STWO_CAIRO_CUDA_PREPROCESSED_VARIANT"": ""canonical"", ""STWO_CUDA_COMPACT_DEVICE_PROFILE"": ""1"", ""STWO_CUDA_COMPACT_PREFETCH_TRACE"": ""1""}",8.145241,3.584638,3.581654,7.219090,28.365234,5.822418,0.124642,1.520884,0.429502,0.415344,0.001178,0.873942,0.203889,76e224838a6b74695aab566f5a5de6391568cd9e8c82acda63039133ca23ffb5,true,5889743d46cd5cbd2774d408fbae0d1a7e183b43a45e957174033b735dddf89e,
rtx5090-new-small,15627902-15627904.prover_input,verified,,,,{},3.866327,3.008128,0.346809,3.407169,24.757812,2.741352,0.061801,0.039135,0.005795,0.025758,0.001201,0.139841,0.060779,980841d3e5dda240bfc88a28aa5a757d3d8418c4562678832af3079b7446c4d1,true,c92a1ecd5baf8651e88c6d96f016cfa2646bbda2cf646fec9bc0558c200a6f81,
rtx5090-h200512-sample,15653256_15653263,verified_independent,49c8f5702be30217f0293ad97085ef05c4333175c1ea0387a38095c612c89447,dc5dcf5402367d6ff2829d4339b460b97ea21a14,d7e281b3335c8d81488dcdff187dfb2a2defd8c90ac8ac0b52eab0712a27a71b,"{""STWO_CAIRO_CUDA_PREPROCESSED_VARIANT"": ""canonical"", ""STWO_CUDA_COMPACT_DEVICE_PROFILE"": ""1""}",8.136683,3.601939,3.589290,7.243605,29.490234,5.912205,0.132799,1.536598,0.405926,0.403749,0.001213,0.886782,0.210447,c47df0b1de79389b5a6690d6d34951474223bd5614f93d7f509798c194b4bbee,true,0ab78c036d0622580c6b5d728fe3a4484f2344db610c27eeb7ce3232b10c4711,
rtx5090-h200512-sample,15654701_15654719,verified_independent,49c8f5702be30217f0293ad97085ef05c4333175c1ea0387a38095c612c89447,dc5dcf5402367d6ff2829d4339b460b97ea21a14,d7e281b3335c8d81488dcdff187dfb2a2defd8c90ac8ac0b52eab0712a27a71b,"{""STWO_CAIRO_CUDA_PREPROCESSED_VARIANT"": ""canonical"", ""STWO_CUDA_MANAGED_ARENA"": ""1"", ""STWO_CUDA_MANAGED_PLACEMENT"": ""capacity""}",221.366992,3.635576,214.649615,218.337978,18.490234,41.473110,26.554311,0.944622,3.515520,73.193822,13.859659,63.868304,32.694431,2aada5c28e563e17ee488133f8c87df7338507f27d2ec29830f263cd25cf5461,true,53993e8440aeec4c16976422a0d1ac9131064d6b16e4d25e6c6dda2b76c634ef,
rtx5090-h200512-sample,15655795_15655807,verified_independent,49c8f5702be30217f0293ad97085ef05c4333175c1ea0387a38095c612c89447,dc5dcf5402367d6ff2829d4339b460b97ea21a14,d7e281b3335c8d81488dcdff187dfb2a2defd8c90ac8ac0b52eab0712a27a71b,"{""STWO_CAIRO_CUDA_PREPROCESSED_VARIANT"": ""canonical"", ""STWO_CUDA_COMPACT_DEVICE_PROFILE"": ""1""}",8.182687,3.639205,3.620032,7.311696,28.865234,5.897369,0.139277,1.579369,0.421444,0.430772,0.001207,0.870799,0.165105,882d9b6fdf6998356b6de115a0894d6e9b59c48c3900716fa35f219db0ce3321,true,a28a3513e8a6c2340f9350d24b2cc247eb69e7338ff1973992a94ab830de52d1,
rtx5090-h200512-sample,15657380_15657414,verified_independent,49c8f5702be30217f0293ad97085ef05c4333175c1ea0387a38095c612c89447,dc5dcf5402367d6ff2829d4339b460b97ea21a14,d7e281b3335c8d81488dcdff187dfb2a2defd8c90ac8ac0b52eab0712a27a71b,"{""STWO_CAIRO_CUDA_PREPROCESSED_VARIANT"": ""canonical"", ""STWO_CUDA_MANAGED_ARENA"": ""1"", ""STWO_CUDA_MANAGED_PLACEMENT"": ""capacity""}",206.220421,3.684924,200.024601,203.761449,16.740234,33.577080,23.309452,0.838175,2.831884,73.945843,13.076524,60.622895,25.381503,4d15767763ef19237e6015d3507d4d94a431109bfc81f5d27b235dc9879c75ce,true,fcdecc19022e86a8288c7f5b2b6dd5faef12cae53ee1771f207f47d976a5111e,
rtx5090-h200512-sample,15658121_15658145,verified_independent,49c8f5702be30217f0293ad97085ef05c4333175c1ea0387a38095c612c89447,dc5dcf5402367d6ff2829d4339b460b97ea21a14,d7e281b3335c8d81488dcdff187dfb2a2defd8c90ac8ac0b52eab0712a27a71b,"{""STWO_CAIRO_CUDA_PREPROCESSED_VARIANT"": ""canonical"", ""STWO_CUDA_MANAGED_ARENA"": ""1"", ""STWO_CUDA_MANAGED_PLACEMENT"": ""capacity""}",394.866542,3.955391,386.749941,390.762718,17.365234,62.618031,43.603592,0.995330,5.408718,128.317383,19.522271,104.169538,84.715337,013ca71f51fb19702b98cad85ddc692aae73c4db44e0ea05a857b736748f5f8a,true,45ac861591b7dc3cba824be1228984a2e74b9afca66226ecf3ed3b4269162b39,
rtx5090-h200512-sample,15659077_15659106,verified_independent,49c8f5702be30217f0293ad97085ef05c4333175c1ea0387a38095c612c89447,dc5dcf5402367d6ff2829d4339b460b97ea21a14,d7e281b3335c8d81488dcdff187dfb2a2defd8c90ac8ac0b52eab0712a27a71b,"{""STWO_CAIRO_CUDA_PREPROCESSED_VARIANT"": ""canonical"", ""STWO_CUDA_MANAGED_ARENA"": ""1"", ""STWO_CUDA_MANAGED_PLACEMENT"": ""capacity""}",381.841071,3.813357,375.287600,379.163927,16.115234,39.589161,28.371731,0.963758,3.290559,96.465119,15.646699,78.676620,151.853795,c82aea032b1a477003a3ca188bcf1c112fc0ed9a96a962f3fc74d386fce9528d,true,64fe22c36163733172ef20279263db55bbcb3221262e39a188c02c8008e02831,
